company,ticker,sector,region,country,year,E,S,G,ESG_total,market_cap_usd,E_emissions,E_energy,S_diversity,G_board
Company 1 Industrials,C001,Industrials,North America,Canada,2021,59.64,52.82,61.71,58.06,8.15,64.51,58.92,48.12,63.6
Company 2 Health,C002,Health Care,Latin America,Argentina,2021,47.28,71.74,67.93,62.32,8.33,45.73,42.26,65.25,68.31
Company 3 Consumer,C003,Consumer Discretionary,Latin America,Argentina,2021,35.02,60.95,71.22,55.73,8.99,28.72,37.92,60.89,74.0
Company 4 Health,C004,Health Care,Middle East & Africa,South Africa,2021,59.91,67.08,59.13,62.04,7.44,59.78,59.05,61.37,59.08
Company 5 Materials,C005,Materials,Latin America,Chile,2021,49.03,41.76,60.18,50.33,1.54,45.86,39.46,43.28,59.49
Company 6 Health,C006,Health Care,Asia-Pacific,India,2021,71.25,78.14,71.19,73.53,2.01,59.14,67.91,70.49,85.28
Company 7 Energy,C007,Energy,Latin America,Argentina,2021,52.31,43.37,55.1,50.26,3.84,52.0,54.34,39.66,61.69
Company 8 Materials,C008,Materials,North America,Canada,2021,48.93,61.92,52.37,54.41,5.2,57.77,48.62,62.65,55.2
Company 9 Financials,C009,Financials,Asia-Pacific,China,2021,55.28,52.71,44.82,50.94,5.42,53.73,58.36,55.86,43.03
Company 10 Health,C010,Health Care,Europe,France,2021,53.88,73.13,71.99,66.33,16.22,40.4,56.29,71.07,75.28
Company 11 Consumer,C011,Consumer Staples,Middle East & Africa,United Arab Emirates,2021,55.93,75.59,48.2,59.91,1.04,53.89,67.76,75.46,43.63
Company 12 Consumer,C012,Consumer Discretionary,Middle East & Africa,United Arab Emirates,2021,45.92,70.27,67.95,61.38,13.09,38.57,45.88,77.71,71.82
Company 13 Energy,C013,Energy,Asia-Pacific,Australia,2021,63.58,84.93,50.84,66.45,37.12,63.23,65.06,85.1,42.3
Company 14 Energy,C014,Energy,Europe,France,2021,52.57,47.98,32.98,44.51,0.51,61.22,58.43,55.11,34.95
Company 15 Industrials,C015,Industrials,North America,United States,2021,63.59,32.73,50.18,48.83,14.41,57.31,70.72,26.57,53.97
Company 16 Energy,C016,Energy,Middle East & Africa,South Africa,2021,37.82,38.85,60.48,45.71,3.38,41.05,33.33,32.64,51.07
Company 17 Financials,C017,Financials,Asia-Pacific,Japan,2021,49.69,36.24,55.01,46.98,5.07,48.69,57.51,35.52,59.64
Company 18 Materials,C018,Materials,Middle East & Africa,Saudi Arabia,2021,70.78,54.2,61.9,62.3,1.78,75.71,69.16,50.13,67.36
Company 19 Financials,C019,Financials,Europe,Sweden,2021,43.35,50.37,50.44,48.05,1.74,42.24,54.51,56.74,51.61
Company 20 Energy,C020,Energy,Europe,United Kingdom,2021,46.24,26.39,51.75,41.46,2.28,53.12,48.32,37.81,48.61
Company 21 Information,C021,Information Technology,Europe,United Kingdom,2021,59.71,62.4,67.09,63.07,1.34,61.85,51.92,68.51,73.16
Company 22 Health,C022,Health Care,North America,Mexico,2021,76.34,56.75,69.98,67.69,2.68,78.61,66.09,53.57,75.96
Company 23 Consumer,C023,Consumer Staples,Asia-Pacific,Singapore,2021,60.27,64.5,64.54,63.1,4.84,59.45,56.63,66.54,62.18
Company 24 Energy,C024,Energy,Middle East & Africa,United Arab Emirates,2021,52.38,61.27,58.5,57.38,4.53,48.26,53.02,62.55,58.35
Company 25 Communication,C025,Communication Services,Latin America,Brazil,2021,73.78,38.24,63.52,58.51,0.87,71.85,72.42,44.03,60.18
Company 26 Real,C026,Real Estate,North America,Mexico,2021,50.79,60.96,46.19,52.65,0.4,58.74,45.9,64.03,50.26
Company 27 Communication,C027,Communication Services,Middle East & Africa,Saudi Arabia,2021,66.1,61.16,51.71,59.66,2.28,61.77,66.69,69.94,42.51
Company 28 Information,C028,Information Technology,Europe,Netherlands,2021,54.98,56.4,63.09,58.16,3.49,51.9,50.55,59.29,63.19
Company 29 Materials,C029,Materials,Asia-Pacific,Japan,2021,36.24,55.91,48.83,46.99,35.74,34.1,43.95,54.9,43.78
Company 30 Real,C030,Real Estate,North America,Canada,2021,45.94,51.88,51.18,49.67,2.64,58.45,53.55,45.53,53.6
Company 31 Materials,C031,Materials,North America,Mexico,2021,56.5,31.08,60.85,49.47,1.42,53.31,59.69,32.81,57.43
Company 32 Materials,C032,Materials,Middle East & Africa,United Arab Emirates,2021,58.97,50.85,60.77,56.86,5.86,52.38,45.14,53.0,60.11
Company 33 Utilities,C033,Utilities,Latin America,Argentina,2021,73.13,55.62,59.64,62.8,6.94,75.54,72.14,51.22,60.13
Company 34 Industrials,C034,Industrials,Latin America,Brazil,2021,19.28,51.56,57.12,42.66,7.39,26.27,18.29,59.56,55.07
Company 35 Real,C035,Real Estate,North America,United States,2021,81.37,45.19,71.53,66.03,1.15,86.73,78.09,44.28,60.85
Company 36 Utilities,C036,Utilities,Latin America,Chile,2021,51.75,72.57,70.46,64.93,3.38,46.06,61.52,62.11,73.92
Company 37 Materials,C037,Materials,North America,United States,2021,49.07,52.24,32.37,44.56,7.34,48.88,44.74,57.14,35.05
Company 38 Real,C038,Real Estate,Europe,Germany,2021,43.83,44.28,44.24,44.12,0.9,53.98,50.49,46.21,36.3
Company 39 Energy,C039,Energy,Middle East & Africa,South Africa,2021,59.09,55.43,42.75,52.43,6.57,54.5,54.28,58.57,48.88
Company 40 Information,C040,Information Technology,Asia-Pacific,China,2021,73.32,48.57,68.79,63.56,3.66,81.29,69.87,45.71,67.43
Company 41 Materials,C041,Materials,North America,United States,2021,51.62,42.19,44.88,46.23,2.05,56.78,49.3,36.88,38.78
Company 42 Materials,C042,Materials,Europe,Netherlands,2021,47.94,62.08,50.93,53.65,7.61,52.52,56.44,61.99,52.92
Company 43 Energy,C043,Energy,Middle East & Africa,Saudi Arabia,2021,38.67,51.57,56.64,48.96,1.6,51.01,32.86,50.89,59.6
Company 44 Utilities,C044,Utilities,Middle East & Africa,United Arab Emirates,2021,56.39,77.06,50.52,61.32,0.7,62.71,56.19,75.14,55.09
Company 45 Energy,C045,Energy,North America,United States,2021,47.46,48.52,56.24,50.74,9.21,50.83,46.76,50.66,66.42
Company 46 Consumer,C046,Consumer Staples,Middle East & Africa,South Africa,2021,39.23,53.9,73.53,55.55,5.26,38.38,38.0,53.98,70.99
Company 47 Communication,C047,Communication Services,North America,Canada,2021,62.5,71.01,54.16,62.55,1.65,62.68,54.83,65.56,48.86
Company 48 Materials,C048,Materials,Middle East & Africa,Saudi Arabia,2021,47.01,57.8,33.06,45.96,8.62,39.66,51.7,46.0,31.02
Company 49 Real,C049,Real Estate,Latin America,Argentina,2021,66.92,46.98,56.29,56.73,4.85,75.1,55.04,43.53,53.37
Company 50 Industrials,C050,Industrials,North America,United States,2021,50.94,39.85,60.62,50.47,14.19,55.73,46.74,45.86,59.74
Company 51 Utilities,C051,Utilities,Europe,Netherlands,2021,54.04,37.78,55.59,49.14,5.88,66.07,49.43,28.92,59.81
Company 52 Utilities,C052,Utilities,North America,Mexico,2021,65.1,54.31,69.55,62.99,7.63,62.76,76.07,57.0,72.99
Company 53 Consumer,C053,Consumer Staples,Europe,Sweden,2021,50.97,67.59,55.1,57.89,3.98,50.07,49.58,64.04,60.48
Company 54 Materials,C054,Materials,North America,Canada,2021,62.31,47.84,35.61,48.59,1.97,69.4,66.47,44.81,33.54
Company 55 Utilities,C055,Utilities,Asia-Pacific,China,2021,46.15,31.7,57.37,45.07,0.27,50.09,37.34,43.98,54.95
Company 56 Health,C056,Health Care,Latin America,Brazil,2021,78.12,52.05,62.59,64.25,1.15,82.83,86.92,58.58,61.17
Company 57 Industrials,C057,Industrials,Europe,United Kingdom,2021,48.06,62.3,54.02,54.79,5.9,51.15,54.73,74.92,56.02
Company 58 Consumer,C058,Consumer Discretionary,Middle East & Africa,Saudi Arabia,2021,52.81,47.63,55.9,52.11,2.41,54.67,51.52,60.21,55.33
Company 59 Utilities,C059,Utilities,Latin America,Argentina,2021,73.49,31.53,64.91,56.64,1.62,85.7,75.9,34.85,65.86
Company 60 Utilities,C060,Utilities,Asia-Pacific,India,2021,67.4,32.6,67.0,55.67,36.57,68.11,71.71,44.66,70.91
Company 61 Energy,C061,Energy,Latin America,Chile,2021,35.45,53.32,53.81,47.53,1.76,40.74,35.64,55.34,54.42
Company 62 Information,C062,Information Technology,Latin America,Brazil,2021,63.67,35.66,84.28,61.21,16.49,60.73,61.73,43.1,85.67
Company 63 Industrials,C063,Industrials,Latin America,Chile,2021,45.82,74.0,39.31,53.04,48.94,40.06,37.37,68.04,48.88
Company 64 Industrials,C064,Industrials,Latin America,Argentina,2021,40.25,54.97,61.39,52.2,4.46,30.25,40.97,46.36,65.79
Company 65 Materials,C065,Materials,Middle East & Africa,United Arab Emirates,2021,74.73,57.26,39.05,57.02,0.33,79.99,74.5,56.03,36.31
Company 66 Materials,C066,Materials,Latin America,Brazil,2021,56.58,77.9,64.68,66.39,4.31,56.34,58.7,69.69,63.67
Company 67 Consumer,C067,Consumer Discretionary,Middle East & Africa,Saudi Arabia,2021,85.69,55.94,51.13,64.25,21.33,86.03,86.9,61.91,45.94
Company 68 Information,C068,Information Technology,Latin America,Chile,2021,44.13,66.27,56.42,55.61,1.07,44.29,43.34,69.06,57.28
Company 69 Communication,C069,Communication Services,North America,United States,2021,54.61,38.6,51.65,48.29,1.14,47.92,58.32,40.13,44.29
Company 70 Financials,C070,Financials,North America,United States,2021,38.0,53.82,26.42,39.41,3.97,45.31,41.56,55.7,29.88
Company 71 Utilities,C071,Utilities,Asia-Pacific,Singapore,2021,51.67,64.37,58.91,58.32,6.75,51.24,47.4,63.8,57.35
Company 72 Utilities,C072,Utilities,Asia-Pacific,Australia,2021,43.51,56.5,47.12,49.04,7.88,36.64,38.77,55.1,51.15
Company 73 Materials,C073,Materials,North America,Mexico,2021,53.09,85.56,45.15,61.27,7.52,52.24,54.52,90.27,52.92
Company 74 Utilities,C074,Utilities,Asia-Pacific,China,2021,60.96,45.79,73.97,60.24,0.58,68.49,62.74,39.18,74.07
Company 75 Energy,C075,Energy,Asia-Pacific,China,2021,40.99,69.36,56.23,55.53,0.71,37.83,29.71,74.65,59.94
Company 76 Health,C076,Health Care,Asia-Pacific,China,2021,59.09,56.3,79.75,65.05,3.03,60.19,60.64,54.47,78.4
Company 77 Financials,C077,Financials,North America,United States,2021,54.96,41.14,58.56,51.56,3.96,51.5,51.89,38.41,62.13
Company 78 Materials,C078,Materials,North America,Mexico,2021,51.65,56.5,68.68,58.94,9.71,57.72,50.28,59.51,70.96
Company 79 Industrials,C079,Industrials,Europe,Netherlands,2021,43.03,55.5,40.75,46.43,1.65,32.47,37.41,54.01,40.15
Company 80 Utilities,C080,Utilities,Middle East & Africa,Saudi Arabia,2021,41.65,54.54,46.09,47.43,1.08,49.54,38.83,61.12,42.91
Company 81 Materials,C081,Materials,Middle East & Africa,South Africa,2021,57.67,45.12,72.43,58.41,29.36,53.99,62.98,40.88,69.59
Company 82 Consumer,C082,Consumer Staples,Middle East & Africa,South Africa,2021,46.71,73.95,48.18,56.28,8.57,42.31,46.78,66.64,42.62
Company 83 Consumer,C083,Consumer Discretionary,Middle East & Africa,United Arab Emirates,2021,52.16,64.61,49.25,55.34,7.2,46.7,55.93,70.04,46.88
Company 84 Industrials,C084,Industrials,North America,Canada,2021,51.22,37.46,54.08,47.59,1.26,47.25,51.45,37.69,51.26
Company 85 Industrials,C085,Industrials,Asia-Pacific,Australia,2021,46.18,63.74,54.57,54.83,4.51,46.88,39.68,56.78,52.12
Company 86 Consumer,C086,Consumer Staples,Asia-Pacific,Australia,2021,56.81,77.61,54.66,63.02,1.81,55.87,61.78,81.64,57.49
Company 87 Health,C087,Health Care,Middle East & Africa,South Africa,2021,68.98,64.32,54.97,62.76,40.52,72.57,68.04,69.76,50.43
Company 88 Health,C088,Health Care,Middle East & Africa,Saudi Arabia,2021,64.62,52.32,53.44,56.8,2.02,66.12,62.1,45.2,50.52
Company 89 Financials,C089,Financials,North America,Canada,2021,58.02,60.32,38.52,52.29,4.04,51.78,53.69,59.3,42.02
Company 90 Communication,C090,Communication Services,Asia-Pacific,Australia,2021,44.43,42.32,44.23,43.66,1.17,43.44,46.82,35.33,45.84
Company 91 Information,C091,Information Technology,Middle East & Africa,Saudi Arabia,2021,66.92,71.71,65.35,67.99,11.85,69.31,65.42,71.05,70.82
Company 92 Industrials,C092,Industrials,Latin America,Argentina,2021,58.53,46.8,59.2,54.84,3.34,59.23,61.8,42.71,63.39
Company 93 Communication,C093,Communication Services,Asia-Pacific,Japan,2021,35.88,68.51,53.34,52.58,0.63,39.16,34.12,70.29,61.44
Company 94 Information,C094,Information Technology,Latin America,Brazil,2021,75.2,65.36,63.56,68.04,1.65,68.83,86.9,62.59,58.87
Company 95 Financials,C095,Financials,Middle East & Africa,South Africa,2021,54.38,61.9,57.2,57.83,0.76,55.56,58.01,62.82,49.82
Company 96 Consumer,C096,Consumer Discretionary,Asia-Pacific,India,2021,66.68,79.01,52.8,66.17,8.24,59.05,67.92,85.88,49.3
Company 97 Materials,C097,Materials,North America,Canada,2021,59.53,41.73,53.36,51.54,0.35,57.32,51.4,35.98,49.88
Company 98 Consumer,C098,Consumer Discretionary,Asia-Pacific,Australia,2021,50.49,59.94,58.7,56.38,3.06,55.6,47.23,56.15,58.02
Company 99 Information,C099,Information Technology,Europe,United Kingdom,2021,61.83,41.81,66.08,56.57,6.92,57.66,60.98,40.49,71.66
Company 100 Utilities,C100,Utilities,Europe,Netherlands,2021,45.74,46.44,36.29,42.83,4.89,47.17,48.47,43.63,39.22
Company 101 Materials,C101,Materials,Europe,Germany,2021,52.39,46.37,67.08,55.28,2.21,44.28,49.07,51.0,63.88
Company 102 Utilities,C102,Utilities,North America,Canada,2021,68.05,56.24,69.12,64.47,21.79,67.14,66.95,58.68,77.08
Company 103 Financials,C103,Financials,Latin America,Chile,2021,60.94,72.48,68.08,67.16,5.88,63.33,54.71,71.96,70.72
Company 104 Health,C104,Health Care,Asia-Pacific,China,2021,56.26,67.31,61.19,61.59,0.22,59.08,52.36,62.9,58.49
Company 105 Utilities,C105,Utilities,Middle East & Africa,United Arab Emirates,2021,53.35,44.69,56.77,51.6,6.45,51.1,55.64,43.18,60.66
Company 106 Consumer,C106,Consumer Discretionary,Middle East & Africa,South Africa,2021,59.95,55.51,66.11,60.52,0.52,60.78,59.8,56.42,57.87
Company 107 Real,C107,Real Estate,North America,Canada,2021,63.65,55.14,31.32,50.04,3.01,63.14,64.42,54.74,36.86
Company 108 Communication,C108,Communication Services,Asia-Pacific,Australia,2021,31.56,47.08,58.08,45.57,10.01,33.09,31.37,42.34,56.51
Company 109 Utilities,C109,Utilities,North America,Mexico,2021,36.93,39.25,59.32,45.16,2.18,39.4,40.55,38.78,52.24
Company 110 Financials,C110,Financials,Asia-Pacific,Australia,2021,56.67,65.81,47.74,56.74,2.13,60.8,56.28,67.37,48.98
Company 111 Real,C111,Real Estate,Middle East & Africa,South Africa,2021,57.56,53.99,49.25,53.6,29.62,63.78,62.63,54.64,40.37
Company 112 Communication,C112,Communication Services,Middle East & Africa,South Africa,2021,58.14,39.04,52.35,49.84,1.99,59.26,61.84,39.01,55.36
Company 113 Energy,C113,Energy,Latin America,Argentina,2021,39.52,47.45,54.57,47.18,2.67,35.8,36.14,46.99,52.5
Company 114 Utilities,C114,Utilities,Asia-Pacific,Australia,2021,66.95,37.74,54.2,52.96,8.58,66.04,65.44,50.02,54.59
Company 115 Consumer,C115,Consumer Discretionary,Latin America,Brazil,2021,71.12,51.81,53.98,58.97,5.87,70.47,67.5,55.53,47.66
Company 116 Real,C116,Real Estate,Europe,Netherlands,2021,49.19,66.52,61.55,59.09,4.37,49.4,47.03,68.27,65.33
Company 117 Real,C117,Real Estate,Europe,Netherlands,2021,47.33,68.42,60.72,58.82,1.67,47.32,42.76,65.91,64.67
Company 118 Industrials,C118,Industrials,Asia-Pacific,China,2021,67.05,61.37,54.73,61.05,46.17,66.97,74.18,60.6,55.98
Company 119 Utilities,C119,Utilities,Europe,Germany,2021,64.69,42.67,47.97,51.78,1.28,66.13,64.77,33.06,42.81
Company 120 Financials,C120,Financials,Asia-Pacific,India,2021,48.81,35.02,71.95,51.93,5.82,43.17,53.68,29.71,69.24
Company 121 Materials,C121,Materials,Latin America,Brazil,2021,63.43,49.51,69.3,60.75,1.76,60.97,63.56,49.07,64.88
Company 122 Consumer,C122,Consumer Staples,Asia-Pacific,Japan,2021,68.03,60.83,44.92,57.92,3.26,66.97,73.61,59.16,34.73
Company 123 Information,C123,Information Technology,Latin America,Brazil,2021,65.56,56.22,55.91,59.23,2.42,68.21,60.25,60.91,61.15
Company 124 Information,C124,Information Technology,Asia-Pacific,Singapore,2021,73.76,82.27,52.97,69.67,1.55,80.23,69.23,82.18,57.99
Company 125 Energy,C125,Energy,North America,Mexico,2021,47.02,54.73,58.03,53.26,4.44,50.67,47.48,57.75,60.17
Company 126 Financials,C126,Financials,Latin America,Chile,2021,41.84,53.73,49.52,48.36,3.8,32.42,45.28,58.4,40.96
Company 127 Information,C127,Information Technology,Asia-Pacific,Japan,2021,61.4,30.39,66.39,52.73,12.12,60.89,68.18,25.52,71.19
Company 128 Industrials,C128,Industrials,North America,Canada,2021,76.42,34.12,56.42,55.65,0.86,71.46,67.94,27.62,56.62
Company 129 Real,C129,Real Estate,North America,United States,2021,59.11,52.78,41.9,51.27,21.85,62.4,51.68,52.32,31.53
Company 130 Communication,C130,Communication Services,Middle East & Africa,United Arab Emirates,2021,64.75,65.26,59.19,63.06,7.06,64.11,58.27,73.4,67.93
Company 131 Materials,C131,Materials,Asia-Pacific,India,2021,40.65,44.22,54.15,46.34,3.19,45.54,41.39,41.73,54.75
Company 132 Financials,C132,Financials,Middle East & Africa,Saudi Arabia,2021,41.77,63.17,63.86,56.27,7.11,39.81,35.17,59.28,70.1
Company 133 Materials,C133,Materials,North America,United States,2021,64.31,58.59,60.31,61.07,4.23,63.5,64.54,59.63,67.04
Company 134 Financials,C134,Financials,Latin America,Chile,2021,50.0,72.1,45.74,55.94,5.01,48.05,44.56,73.34,43.95
Company 135 Communication,C135,Communication Services,Asia-Pacific,Australia,2021,54.24,50.99,48.45,51.23,6.92,52.72,55.42,49.22,49.21
Company 136 Energy,C136,Energy,North America,Mexico,2021,17.29,51.38,53.04,40.57,11.2,17.99,21.06,50.79,53.17
Company 137 Energy,C137,Energy,Europe,Sweden,2021,20.15,39.7,54.52,38.12,1.0,8.53,14.37,41.36,55.87
Company 138 Real,C138,Real Estate,Middle East & Africa,Saudi Arabia,2021,46.02,75.84,62.08,61.32,1.91,50.51,45.31,79.84,75.69
Company 139 Real,C139,Real Estate,Latin America,Argentina,2021,42.92,61.1,35.5,46.51,42.37,42.58,40.36,62.41,39.48
Company 140 Consumer,C140,Consumer Staples,Middle East & Africa,South Africa,2021,59.59,58.39,56.87,58.28,2.48,59.53,58.13,55.8,66.25
Company 141 Energy,C141,Energy,North America,Canada,2021,36.95,39.01,65.1,47.02,6.9,40.5,26.85,48.37,67.81
Company 142 Consumer,C142,Consumer Discretionary,North America,Canada,2021,70.95,77.07,63.23,70.42,1.37,61.26,76.88,72.94,64.88
Company 143 Health,C143,Health Care,North America,Canada,2021,37.78,60.44,61.7,53.3,2.0,34.89,41.82,71.0,57.88
Company 144 Real,C144,Real Estate,Latin America,Argentina,2021,67.3,48.6,67.72,61.21,3.42,65.93,75.31,45.78,79.58
Company 145 Information,C145,Information Technology,Asia-Pacific,China,2021,66.48,65.69,44.17,58.78,3.05,65.36,69.08,73.0,39.9
Company 146 Communication,C146,Communication Services,North America,Mexico,2021,70.28,64.99,66.24,67.17,4.35,73.01,79.96,62.17,65.54
Company 147 Utilities,C147,Utilities,Latin America,Brazil,2021,66.5,62.27,46.05,58.27,34.16,65.81,63.4,65.95,53.41
Company 148 Information,C148,Information Technology,North America,Canada,2021,56.18,52.02,84.44,64.21,3.86,60.11,59.35,58.72,88.51
Company 149 Consumer,C149,Consumer Discretionary,Europe,France,2021,49.72,61.52,62.09,57.78,1.98,51.58,50.49,59.44,58.6
Company 150 Energy,C150,Energy,North America,Mexico,2021,60.96,55.29,52.21,56.15,7.91,58.23,64.33,50.2,50.72
Company 151 Consumer,C151,Consumer Staples,Asia-Pacific,India,2021,58.71,32.06,61.57,50.78,3.1,64.68,54.58,22.46,64.28
Company 152 Materials,C152,Materials,North America,Canada,2021,82.15,47.15,54.7,61.33,1.4,84.91,89.87,54.38,49.16
Company 153 Financials,C153,Financials,Middle East & Africa,Saudi Arabia,2021,56.57,55.45,31.86,47.96,0.96,56.2,54.58,59.19,34.12
Company 154 Industrials,C154,Industrials,Latin America,Chile,2021,66.48,48.27,59.7,58.15,0.68,70.07,59.29,49.39,64.61
Company 155 Financials,C155,Financials,Latin America,Chile,2021,49.35,48.17,27.25,41.59,25.6,50.07,49.12,51.3,26.75
Company 156 Information,C156,Information Technology,Middle East & Africa,South Africa,2021,65.26,66.44,52.63,61.44,4.39,68.97,69.61,63.07,52.68
Company 157 Materials,C157,Materials,Asia-Pacific,Singapore,2021,51.5,59.24,42.86,51.2,3.95,56.72,50.63,69.6,38.02
Company 158 Communication,C158,Communication Services,Latin America,Brazil,2021,50.54,80.31,37.09,55.98,2.82,44.55,51.68,85.71,44.22
Company 159 Communication,C159,Communication Services,Latin America,Brazil,2021,57.19,60.6,63.69,60.49,3.89,54.58,60.08,66.35,62.23
Company 160 Utilities,C160,Utilities,North America,Mexico,2021,43.64,56.24,52.18,50.69,10.3,42.78,41.21,63.64,51.64
Company 161 Financials,C161,Financials,Asia-Pacific,Japan,2021,42.32,50.91,57.14,50.13,2.47,47.71,49.41,39.42,52.05
Company 162 Real,C162,Real Estate,Latin America,Chile,2021,42.0,29.73,53.37,41.7,2.59,40.08,40.36,34.99,55.61
Company 163 Real,C163,Real Estate,Latin America,Argentina,2021,48.15,50.65,61.87,53.56,11.87,58.2,46.4,53.92,60.98
Company 164 Financials,C164,Financials,Asia-Pacific,India,2021,47.74,78.13,53.45,59.77,14.52,53.17,51.44,77.45,56.84
Company 165 Industrials,C165,Industrials,North America,United States,2021,71.69,66.4,39.72,59.27,15.67,79.92,70.23,67.01,33.38
Company 166 Financials,C166,Financials,Middle East & Africa,United Arab Emirates,2021,40.31,42.48,49.56,44.12,19.51,37.7,44.06,38.88,51.24
Company 167 Health,C167,Health Care,North America,Canada,2021,80.03,65.59,80.1,75.24,6.6,86.3,71.06,59.09,83.15
Company 168 Real,C168,Real Estate,Asia-Pacific,Singapore,2021,56.51,64.47,37.88,52.95,0.1,60.35,59.63,69.82,39.84
Company 169 Utilities,C169,Utilities,Asia-Pacific,Singapore,2021,64.5,47.88,73.32,61.9,10.89,72.5,63.31,53.54,81.6
Company 170 Health,C170,Health Care,North America,Canada,2021,56.78,67.14,53.86,59.26,1.8,46.9,61.44,67.39,52.96
Company 171 Information,C171,Information Technology,North America,United States,2021,44.9,58.67,65.12,56.23,1.45,37.76,39.29,56.98,70.3
Company 172 Real,C172,Real Estate,Europe,Netherlands,2021,46.13,44.07,49.35,46.52,7.66,42.06,49.98,36.69,49.61
Company 173 Financials,C173,Financials,Europe,Sweden,2021,63.61,45.06,44.85,51.17,2.46,61.8,60.56,53.91,34.12
Company 174 Consumer,C174,Consumer Staples,Asia-Pacific,India,2021,48.7,41.79,63.49,51.33,1.06,42.57,52.92,42.59,64.97
Company 175 Financials,C175,Financials,Middle East & Africa,Saudi Arabia,2021,36.75,43.17,45.23,41.72,17.88,37.52,39.15,41.79,43.71
Company 176 Communication,C176,Communication Services,Europe,Netherlands,2021,50.49,45.15,57.84,51.16,0.19,54.83,45.82,38.75,55.16
Company 177 Communication,C177,Communication Services,Europe,Germany,2021,61.49,40.7,48.93,50.37,6.25,67.01,54.39,46.32,53.33
Company 178 Materials,C178,Materials,Latin America,Brazil,2021,58.14,42.04,47.29,49.16,27.83,48.0,55.52,47.05,49.41
Company 179 Health,C179,Health Care,Middle East & Africa,United Arab Emirates,2021,64.17,55.42,48.15,55.92,1.59,63.99,59.72,59.19,58.04
Company 180 Consumer,C180,Consumer Staples,Europe,France,2021,62.83,41.21,55.15,53.06,6.48,65.22,61.51,40.98,58.76
Company 181 Materials,C181,Materials,North America,Mexico,2021,37.08,60.91,55.4,51.13,1.32,32.4,27.44,60.81,51.77
Company 182 Energy,C182,Energy,Middle East & Africa,Saudi Arabia,2021,47.47,39.06,61.67,49.4,1.77,49.57,48.42,32.48,64.97
Company 183 Energy,C183,Energy,Latin America,Brazil,2021,45.59,22.94,62.17,43.57,16.5,51.29,47.36,14.04,66.84
Company 184 Materials,C184,Materials,North America,United States,2021,47.62,74.18,52.4,58.07,6.92,47.15,51.61,77.48,45.31
Company 185 Energy,C185,Energy,Europe,Netherlands,2021,50.63,46.37,52.88,49.96,1.22,56.48,44.97,47.18,54.24
Company 186 Financials,C186,Financials,Latin America,Brazil,2021,56.54,58.58,63.67,59.6,0.25,60.32,61.55,59.19,61.48
Company 187 Financials,C187,Financials,Europe,Sweden,2021,48.08,60.34,54.65,54.36,22.58,45.78,52.54,50.9,59.16
Company 188 Consumer,C188,Consumer Staples,Europe,Netherlands,2021,58.37,46.19,61.15,55.24,0.66,57.84,55.09,45.17,64.6
Company 189 Utilities,C189,Utilities,Asia-Pacific,Australia,2021,37.11,63.43,46.5,49.01,2.79,33.38,36.06,68.8,45.78
Company 190 Health,C190,Health Care,Middle East & Africa,United Arab Emirates,2021,96.0,66.74,71.06,77.93,10.63,97.78,95.3,62.91,77.94
Company 191 Utilities,C191,Utilities,North America,Canada,2021,42.2,57.47,45.5,48.39,6.97,39.63,41.52,58.73,49.45
Company 192 Financials,C192,Financials,North America,Canada,2021,57.54,50.38,52.27,53.4,3.81,64.91,56.54,51.57,56.56
Company 193 Consumer,C193,Consumer Staples,Europe,Germany,2021,57.85,73.68,51.72,61.08,0.77,53.3,57.65,77.33,59.94
Company 194 Communication,C194,Communication Services,Asia-Pacific,China,2021,58.77,54.08,65.22,59.36,0.4,61.69,51.91,58.64,74.06
Company 195 Utilities,C195,Utilities,Middle East & Africa,United Arab Emirates,2021,58.83,31.6,39.24,43.22,4.79,58.67,66.22,36.35,39.64
Company 196 Information,C196,Information Technology,Middle East & Africa,Saudi Arabia,2021,52.39,74.48,42.52,56.46,0.38,57.7,55.07,65.79,38.74
Company 197 Utilities,C197,Utilities,Asia-Pacific,Singapore,2021,57.26,60.18,58.84,58.76,2.17,60.35,58.92,53.84,63.48
Company 198 Real,C198,Real Estate,Europe,France,2021,73.24,49.84,54.67,59.25,6.96,71.35,68.58,52.53,50.53
Company 199 Information,C199,Information Technology,Middle East & Africa,South Africa,2021,70.05,66.96,62.82,66.61,2.26,74.25,69.89,70.78,62.42
Company 200 Industrials,C200,Industrials,Asia-Pacific,Singapore,2021,59.61,66.44,61.26,62.44,4.03,59.22,67.97,65.97,65.12
Company 201 Information,C201,Information Technology,North America,Mexico,2021,80.76,59.32,57.96,66.01,1.03,86.99,83.05,60.3,53.72
Company 202 Communication,C202,Communication Services,Latin America,Argentina,2021,61.99,55.93,61.56,59.82,61.81,63.18,62.25,61.04,59.23
Company 203 Health,C203,Health Care,Europe,Sweden,2021,63.0,57.95,41.96,54.31,0.77,57.14,60.57,53.3,37.57
Company 204 Communication,C204,Communication Services,Europe,United Kingdom,2021,57.77,45.8,35.04,46.2,6.35,56.47,55.38,38.21,35.42
Company 205 Information,C205,Information Technology,Middle East & Africa,Saudi Arabia,2021,70.35,60.86,48.65,59.95,1.75,78.03,71.82,55.79,43.42
Company 206 Communication,C206,Communication Services,Europe,Netherlands,2021,67.83,62.24,37.69,55.92,1.56,61.25,66.94,56.26,38.89
Company 207 Utilities,C207,Utilities,North America,United States,2021,58.11,46.34,57.78,54.08,1.59,59.46,62.46,51.64,64.12
Company 208 Utilities,C208,Utilities,Latin America,Argentina,2021,61.71,65.45,63.16,63.44,130.82,64.01,63.95,69.39,65.84
Company 209 Communication,C209,Communication Services,Europe,France,2021,32.71,55.11,32.38,40.07,2.44,36.5,38.36,65.16,34.32
Company 210 Utilities,C210,Utilities,North America,United States,2021,40.62,61.5,51.4,51.17,3.07,36.22,44.13,57.18,60.8
Company 211 Health,C211,Health Care,North America,Mexico,2021,71.88,51.07,70.82,64.59,7.03,65.64,74.99,57.19,72.12
Company 212 Energy,C212,Energy,Middle East & Africa,South Africa,2021,20.27,62.03,36.4,39.57,4.87,19.85,23.28,52.49,44.12
Company 213 Financials,C213,Financials,Europe,Germany,2021,29.19,50.14,54.11,44.48,2.31,21.92,33.06,48.41,47.6
Company 214 Energy,C214,Energy,Middle East & Africa,South Africa,2021,37.0,66.09,55.9,53.0,1.78,40.63,39.17,71.08,65.51
Company 215 Communication,C215,Communication Services,Latin America,Argentina,2021,68.57,67.41,53.64,63.21,7.08,63.4,75.72,64.43,53.01
Company 216 Financials,C216,Financials,Latin America,Brazil,2021,65.71,55.39,51.85,57.65,6.87,72.03,64.25,55.34,51.63
Company 217 Consumer,C217,Consumer Staples,Latin America,Argentina,2021,45.68,64.75,66.59,59.01,13.86,48.65,44.35,67.81,68.66
Company 218 Energy,C218,Energy,Europe,United Kingdom,2021,27.74,36.86,54.57,39.72,15.48,22.75,21.51,40.34,53.61
Company 219 Consumer,C219,Consumer Discretionary,Europe,Netherlands,2021,52.21,58.2,56.69,55.7,1.98,50.43,52.94,67.26,51.82
Company 220 Consumer,C220,Consumer Staples,Middle East & Africa,Saudi Arabia,2021,48.38,67.69,69.3,61.79,12.76,42.96,41.35,71.46,68.0
Company 221 Industrials,C221,Industrials,North America,United States,2021,42.66,55.76,57.15,51.86,2.47,41.63,37.74,53.84,62.16
Company 222 Communication,C222,Communication Services,Latin America,Brazil,2021,53.15,61.21,49.05,54.47,3.84,46.95,58.69,60.09,47.56
Company 223 Information,C223,Information Technology,Latin America,Brazil,2021,65.06,79.08,56.71,66.95,2.79,75.48,52.05,81.8,54.59
Company 224 Financials,C224,Financials,Asia-Pacific,India,2021,49.92,45.43,50.65,48.67,21.87,51.87,54.51,46.59,37.09
Company 225 Information,C225,Information Technology,Latin America,Argentina,2021,89.98,75.99,38.46,68.14,8.01,92.12,93.33,74.29,24.25
Company 226 Real,C226,Real Estate,Europe,Sweden,2021,37.23,58.01,52.73,49.32,2.49,40.58,40.64,56.79,52.61
Company 227 Information,C227,Information Technology,Middle East & Africa,Saudi Arabia,2021,75.05,62.13,54.2,63.79,15.72,80.6,80.69,70.73,47.04
Company 228 Real,C228,Real Estate,Latin America,Argentina,2021,50.78,51.8,53.79,52.12,0.74,42.26,48.78,51.73,58.35
Company 229 Utilities,C229,Utilities,Asia-Pacific,Australia,2021,56.92,55.1,72.73,61.58,4.09,53.83,57.08,54.06,70.96
Company 230 Energy,C230,Energy,Middle East & Africa,United Arab Emirates,2021,36.59,43.44,62.44,47.49,15.0,33.18,38.44,45.87,67.64
Company 231 Materials,C231,Materials,Latin America,Brazil,2021,42.86,63.02,56.94,54.27,19.82,42.33,41.93,58.44,50.14
Company 232 Materials,C232,Materials,North America,Mexico,2021,62.49,60.93,59.68,61.03,34.9,63.53,60.52,65.85,68.98
Company 233 Energy,C233,Energy,Europe,Netherlands,2021,45.87,63.63,54.81,54.77,4.1,41.98,43.75,63.0,52.21
Company 234 Industrials,C234,Industrials,Middle East & Africa,United Arab Emirates,2021,50.8,75.99,54.48,60.43,6.01,53.28,55.44,72.29,52.36
Company 235 Materials,C235,Materials,Middle East & Africa,United Arab Emirates,2021,58.32,50.56,61.71,56.86,0.85,60.98,52.79,44.59,64.3
Company 236 Consumer,C236,Consumer Staples,Europe,Germany,2021,43.99,53.42,65.22,54.21,2.87,40.35,51.25,52.27,70.94
Company 237 Energy,C237,Energy,North America,Canada,2021,55.05,39.34,53.01,49.13,2.77,54.43,49.48,39.95,54.79
Company 238 Energy,C238,Energy,Middle East & Africa,United Arab Emirates,2021,43.99,62.95,53.94,53.63,8.13,46.17,42.26,58.35,61.24
Company 239 Materials,C239,Materials,Asia-Pacific,Australia,2021,38.46,46.39,63.49,49.45,48.55,26.69,36.1,50.68,64.91
Company 240 Financials,C240,Financials,North America,Canada,2021,43.32,44.95,55.53,47.93,26.49,40.58,41.97,46.26,60.27
Company 241 Utilities,C241,Utilities,Middle East & Africa,United Arab Emirates,2021,45.49,40.07,62.27,49.28,3.44,48.07,42.08,43.32,64.91
Company 242 Information,C242,Information Technology,Asia-Pacific,Singapore,2021,58.29,61.83,70.36,63.49,2.99,54.93,63.96,57.74,72.52
Company 243 Consumer,C243,Consumer Discretionary,Latin America,Chile,2021,53.68,52.17,52.51,52.79,1.56,61.92,49.95,48.52,53.15
Company 244 Utilities,C244,Utilities,Asia-Pacific,India,2021,32.84,48.7,39.6,40.38,10.18,36.03,26.78,50.26,34.91
Company 245 Industrials,C245,Industrials,Europe,United Kingdom,2021,57.27,42.47,64.01,54.58,0.86,61.28,48.03,44.7,65.61
Company 246 Materials,C246,Materials,Latin America,Argentina,2021,45.96,63.6,38.57,49.38,11.14,41.81,46.06,64.3,27.62
Company 247 Energy,C247,Energy,Middle East & Africa,United Arab Emirates,2021,28.31,62.5,39.97,43.59,12.55,24.38,24.53,62.4,37.7
Company 248 Energy,C248,Energy,Asia-Pacific,Singapore,2021,21.37,32.68,42.07,32.04,1.29,12.03,16.72,35.81,35.27
Company 249 Energy,C249,Energy,Middle East & Africa,United Arab Emirates,2021,33.08,35.08,50.72,39.63,2.05,38.81,39.51,30.81,45.83
Company 250 Materials,C250,Materials,Middle East & Africa,South Africa,2021,41.13,54.2,68.27,54.53,15.84,41.59,40.5,58.23,60.49
Company 251 Energy,C251,Energy,Europe,United Kingdom,2021,38.93,45.91,52.56,45.8,1.28,39.81,35.19,50.53,50.76
Company 252 Industrials,C252,Industrials,Europe,United Kingdom,2021,64.75,49.3,75.73,63.26,6.33,67.31,63.4,49.96,76.98
Company 253 Industrials,C253,Industrials,Latin America,Argentina,2021,63.57,46.75,53.0,54.44,16.82,60.52,63.23,40.48,65.42
Company 254 Information,C254,Information Technology,Middle East & Africa,South Africa,2021,54.98,36.01,48.88,46.62,13.94,49.75,51.99,33.09,49.57
Company 255 Energy,C255,Energy,Europe,Germany,2021,41.13,75.88,62.2,59.74,3.06,44.34,41.72,73.14,62.59
Company 256 Financials,C256,Financials,Europe,France,2021,68.03,37.85,60.03,55.31,3.31,60.73,74.91,39.92,54.2
Company 257 Industrials,C257,Industrials,Middle East & Africa,United Arab Emirates,2021,37.54,55.84,55.01,49.46,0.48,40.26,38.53,50.6,61.17
Company 258 Industrials,C258,Industrials,Latin America,Chile,2021,40.77,55.21,38.85,44.94,0.7,46.4,36.58,57.5,39.54
Company 259 Communication,C259,Communication Services,Latin America,Argentina,2021,40.17,57.23,37.17,44.86,9.57,47.9,50.57,56.87,33.27
Company 260 Industrials,C260,Industrials,Europe,France,2021,43.82,38.28,75.78,52.63,36.57,46.92,43.28,38.39,81.16
Company 261 Information,C261,Information Technology,North America,Canada,2021,81.02,58.43,67.09,68.85,7.92,78.78,80.85,63.61,62.82
Company 262 Communication,C262,Communication Services,Europe,United Kingdom,2021,76.57,69.2,52.25,66.01,0.73,81.86,72.2,68.11,46.77
Company 263 Consumer,C263,Consumer Staples,Europe,Netherlands,2021,60.04,62.82,52.1,58.32,1.2,67.1,68.89,68.88,49.63
Company 264 Financials,C264,Financials,North America,United States,2021,57.73,56.3,37.46,50.5,2.32,60.09,61.18,58.84,46.27
Company 265 Real,C265,Real Estate,Middle East & Africa,Saudi Arabia,2021,68.29,49.51,29.24,49.01,2.25,71.54,70.03,49.22,29.1
Company 266 Communication,C266,Communication Services,North America,Canada,2021,37.49,59.4,71.32,56.07,4.22,35.81,36.64,54.06,65.44
Company 267 Communication,C267,Communication Services,North America,Mexico,2021,39.46,44.94,53.85,46.08,3.09,40.45,28.58,40.53,48.14
Company 268 Information,C268,Information Technology,Latin America,Argentina,2021,57.98,60.75,50.45,56.4,43.65,59.32,61.82,56.58,50.62
Company 269 Materials,C269,Materials,North America,Mexico,2021,48.2,49.59,43.86,47.22,4.39,48.7,55.65,46.74,43.57
Company 270 Consumer,C270,Consumer Discretionary,Asia-Pacific,Australia,2021,47.93,61.19,51.08,53.4,2.65,56.58,45.66,59.52,55.4
Company 271 Materials,C271,Materials,Europe,Germany,2021,64.2,56.01,48.01,56.07,3.47,67.84,64.62,54.27,45.33
Company 272 Utilities,C272,Utilities,Europe,Netherlands,2021,63.79,64.17,77.95,68.63,4.19,70.89,49.16,60.33,72.99
Company 273 Utilities,C273,Utilities,Middle East & Africa,Saudi Arabia,2021,54.43,50.91,48.12,51.15,10.18,57.44,55.8,38.72,47.95
Company 274 Industrials,C274,Industrials,Asia-Pacific,Australia,2021,74.59,68.13,41.25,61.32,3.56,77.98,82.68,74.71,40.93
Company 275 Utilities,C275,Utilities,Middle East & Africa,United Arab Emirates,2021,40.72,40.62,68.1,49.81,4.04,36.32,44.23,43.27,66.17
Company 276 Real,C276,Real Estate,Asia-Pacific,Australia,2021,67.06,49.23,51.33,55.87,1.33,64.85,67.56,50.52,57.16
Company 277 Utilities,C277,Utilities,North America,Canada,2021,57.46,42.68,45.06,48.4,1.2,47.08,58.3,48.94,41.11
Company 278 Energy,C278,Energy,Latin America,Chile,2021,36.09,38.62,59.38,44.7,1.72,32.31,32.34,40.59,68.54
Company 279 Real,C279,Real Estate,Europe,United Kingdom,2021,60.43,47.11,55.89,54.48,82.41,58.51,60.21,43.59,60.18
Company 280 Utilities,C280,Utilities,North America,Mexico,2021,54.04,40.89,59.74,51.56,0.9,52.88,61.96,36.35,59.81
Company 281 Health,C281,Health Care,Europe,Sweden,2021,69.89,60.95,46.48,59.1,2.17,68.08,78.33,68.77,48.79
Company 282 Communication,C282,Communication Services,North America,Mexico,2021,68.89,37.64,45.54,50.69,2.64,65.52,63.41,42.66,51.74
Company 283 Consumer,C283,Consumer Discretionary,North America,Canada,2021,68.42,50.12,38.2,52.25,3.44,71.26,70.41,55.31,37.84
Company 284 Health,C284,Health Care,Middle East & Africa,South Africa,2021,64.96,71.84,63.28,66.7,0.19,61.53,65.71,71.24,68.86
Company 285 Information,C285,Information Technology,Middle East & Africa,Saudi Arabia,2021,71.76,57.7,74.0,67.82,3.45,61.23,76.07,54.67,73.57
Company 286 Energy,C286,Energy,Europe,France,2021,44.66,45.71,58.01,49.46,0.29,50.41,42.97,49.12,59.0
Company 287 Energy,C287,Energy,Latin America,Argentina,2021,38.53,31.14,46.42,38.69,19.5,39.41,40.7,41.53,47.05
Company 288 Financials,C288,Financials,Europe,Germany,2021,55.39,50.97,42.24,49.53,1.75,63.89,49.02,54.19,45.28
Company 289 Energy,C289,Energy,Europe,Netherlands,2021,29.08,48.76,67.75,48.53,19.19,35.87,36.54,44.17,68.32
Company 290 Utilities,C290,Utilities,Middle East & Africa,United Arab Emirates,2021,47.3,52.0,60.74,53.35,2.95,44.47,40.13,59.13,61.19
Company 291 Communication,C291,Communication Services,Latin America,Argentina,2021,49.17,43.82,76.79,56.59,6.76,50.44,48.2,32.72,75.87
Company 292 Energy,C292,Energy,Latin America,Brazil,2021,27.15,52.88,65.87,48.64,17.89,34.69,32.57,62.93,66.56
Company 293 Consumer,C293,Consumer Discretionary,Latin America,Chile,2021,52.37,36.36,64.68,51.14,1.39,46.9,64.79,39.35,65.98
Company 294 Consumer,C294,Consumer Staples,Latin America,Chile,2021,47.96,67.21,64.3,59.82,1.39,53.16,40.87,57.73,60.77
Company 295 Health,C295,Health Care,Europe,Germany,2021,62.47,68.43,61.38,64.09,14.62,73.44,59.24,67.47,54.87
Company 296 Materials,C296,Materials,Middle East & Africa,Saudi Arabia,2021,49.78,71.66,61.57,61.01,0.76,44.57,49.57,75.22,55.08
Company 297 Health,C297,Health Care,Europe,United Kingdom,2021,60.61,82.02,63.54,68.72,10.56,62.43,55.27,84.85,59.29
Company 298 Financials,C298,Financials,Asia-Pacific,Australia,2021,35.45,44.79,59.65,46.63,1.96,36.64,24.35,51.98,57.82
Company 299 Materials,C299,Materials,Asia-Pacific,Japan,2021,52.36,57.08,66.8,58.75,5.69,58.05,51.72,60.73,66.75
Company 300 Consumer,C300,Consumer Discretionary,Latin America,Brazil,2021,37.16,49.39,50.16,45.57,3.85,47.03,39.0,54.88,44.03
Company 301 Health,C301,Health Care,North America,Mexico,2021,61.74,59.45,72.11,64.43,20.08,69.87,61.01,57.28,66.82
Company 302 Energy,C302,Energy,Middle East & Africa,United Arab Emirates,2021,48.42,56.72,59.35,54.83,0.28,44.03,46.18,59.73,55.39
Company 303 Consumer,C303,Consumer Discretionary,Europe,United Kingdom,2021,41.2,48.47,58.26,49.31,15.08,48.3,30.44,47.08,62.29
Company 304 Real,C304,Real Estate,Asia-Pacific,India,2021,62.81,41.46,60.96,55.08,7.8,69.85,70.53,39.2,69.52
Company 305 Financials,C305,Financials,Latin America,Brazil,2021,36.49,59.0,45.9,47.13,5.54,30.81,27.91,61.65,45.99
Company 306 Consumer,C306,Consumer Discretionary,Latin America,Chile,2021,65.74,73.9,61.02,66.89,1.98,72.55,65.12,76.01,66.64
Company 307 Health,C307,Health Care,Middle East & Africa,South Africa,2021,63.22,70.83,53.96,62.67,2.7,58.16,56.15,67.86,42.04
Company 308 Energy,C308,Energy,Asia-Pacific,India,2021,54.11,44.99,63.9,54.33,1.57,54.34,60.84,34.36,62.56
Company 309 Information,C309,Information Technology,Asia-Pacific,Singapore,2021,100.0,66.01,53.26,73.09,2.93,100.0,100.0,64.69,56.39
Company 310 Consumer,C310,Consumer Discretionary,Middle East & Africa,Saudi Arabia,2021,51.04,53.32,59.48,54.61,23.11,43.73,52.76,56.29,57.93
Company 311 Materials,C311,Materials,Latin America,Argentina,2021,28.09,67.67,55.34,50.37,1.84,19.86,33.78,60.61,54.4
Company 312 Materials,C312,Materials,Middle East & Africa,South Africa,2021,79.47,90.0,62.42,77.3,8.41,74.32,80.42,92.52,66.75
Company 313 Information,C313,Information Technology,Middle East & Africa,Saudi Arabia,2021,45.47,56.36,61.46,54.43,4.62,46.35,51.96,55.19,54.64
Company 314 Consumer,C314,Consumer Staples,Asia-Pacific,India,2021,48.46,60.36,57.44,55.42,9.36,39.36,52.45,61.36,58.55
Company 315 Financials,C315,Financials,Asia-Pacific,Singapore,2021,43.95,39.55,53.59,45.7,20.96,39.38,52.55,41.17,49.47
Company 316 Communication,C316,Communication Services,Europe,Netherlands,2021,53.85,55.12,39.9,49.62,3.58,63.03,51.99,62.85,43.21
Company 317 Consumer,C317,Consumer Staples,Latin America,Argentina,2021,53.43,66.52,59.63,59.86,0.67,55.37,47.15,70.92,65.18
Company 318 Health,C318,Health Care,North America,United States,2021,77.49,46.34,67.39,63.74,3.54,82.9,80.78,50.97,73.86
Company 319 Communication,C319,Communication Services,Europe,United Kingdom,2021,47.37,49.88,62.53,53.26,11.54,57.89,47.96,53.48,68.76
Company 320 Materials,C320,Materials,Asia-Pacific,Australia,2021,43.72,49.11,41.57,44.8,6.77,38.8,49.57,54.61,47.74
Company 321 Consumer,C321,Consumer Discretionary,Asia-Pacific,Japan,2021,39.4,58.11,53.7,50.4,33.52,43.39,29.81,59.94,41.57
Company 322 Industrials,C322,Industrials,Middle East & Africa,South Africa,2021,69.94,78.68,52.91,67.18,0.5,71.45,64.87,72.5,45.28
Company 323 Real,C323,Real Estate,Europe,United Kingdom,2021,67.02,42.32,68.97,59.44,2.23,66.05,76.13,34.22,68.86
Company 324 Communication,C324,Communication Services,Latin America,Chile,2021,57.61,45.56,43.55,48.91,6.35,57.57,58.8,48.37,47.29
Company 325 Energy,C325,Energy,North America,Canada,2021,27.25,45.55,56.3,43.03,31.28,32.96,22.26,42.79,57.56
Company 326 Communication,C326,Communication Services,Middle East & Africa,United Arab Emirates,2021,62.68,59.42,53.32,58.47,4.55,72.1,60.39,60.81,54.8
Company 327 Energy,C327,Energy,Asia-Pacific,China,2021,42.24,43.1,41.19,42.18,5.79,45.4,47.58,43.57,34.1
Company 328 Health,C328,Health Care,Latin America,Brazil,2021,61.36,53.25,68.36,60.99,4.93,59.98,65.64,55.0,69.18
Company 329 Industrials,C329,Industrials,Latin America,Chile,2021,53.87,42.64,65.65,54.05,7.07,58.12,55.08,37.12,64.8
Company 330 Health,C330,Health Care,Asia-Pacific,Singapore,2021,60.15,73.93,65.2,66.42,7.37,52.09,70.52,63.9,67.77
Company 331 Energy,C331,Energy,Middle East & Africa,Saudi Arabia,2021,39.13,44.92,41.99,42.01,10.84,37.74,41.38,46.94,42.17
Company 332 Health,C332,Health Care,North America,United States,2021,75.9,50.11,39.26,55.09,1.71,74.03,78.18,58.55,44.59
Company 333 Health,C333,Health Care,North America,United States,2021,59.42,91.88,54.75,68.68,1.87,59.13,59.03,91.15,58.74
Company 334 Financials,C334,Financials,Middle East & Africa,United Arab Emirates,2021,57.57,52.03,54.98,54.86,33.37,61.17,60.36,54.07,51.45
Company 335 Communication,C335,Communication Services,Asia-Pacific,Japan,2021,45.03,63.98,54.07,54.36,3.7,37.47,46.79,67.56,56.98
Company 336 Consumer,C336,Consumer Staples,Asia-Pacific,Japan,2021,76.38,67.28,65.13,69.6,32.57,75.38,76.01,54.72,62.23
Company 337 Communication,C337,Communication Services,North America,Mexico,2021,33.39,50.75,40.66,41.6,44.2,34.49,41.59,51.6,35.26
Company 338 Consumer,C338,Consumer Staples,Middle East & Africa,United Arab Emirates,2021,74.85,58.45,50.11,61.14,3.9,78.09,82.23,61.53,56.95
Company 339 Energy,C339,Energy,Latin America,Chile,2021,51.17,60.18,73.23,61.53,8.16,50.81,50.86,58.83,69.19
Company 340 Financials,C340,Financials,Middle East & Africa,South Africa,2021,62.66,42.39,60.3,55.12,13.4,69.25,67.38,40.79,61.55
Company 341 Health,C341,Health Care,Asia-Pacific,Japan,2021,57.83,66.38,61.14,61.78,34.73,58.56,63.11,62.61,66.5
Company 342 Consumer,C342,Consumer Staples,Latin America,Brazil,2021,64.42,45.31,42.41,50.71,24.63,53.22,64.72,48.34,38.13
Company 343 Utilities,C343,Utilities,Europe,Germany,2021,78.99,29.87,64.34,57.74,0.26,72.93,74.68,27.27,60.99
Company 344 Industrials,C344,Industrials,North America,Canada,2021,58.02,44.82,71.74,58.2,3.67,54.28,58.94,41.58,65.21
Company 345 Health,C345,Health Care,North America,Canada,2021,60.47,58.43,79.71,66.2,5.34,67.74,63.79,62.45,81.08
Company 346 Real,C346,Real Estate,Asia-Pacific,China,2021,76.81,38.86,47.18,54.28,24.2,83.89,72.1,35.72,46.13
Company 347 Materials,C347,Materials,Latin America,Brazil,2021,50.58,40.94,44.87,45.46,1.33,54.13,58.36,41.16,41.81
Company 348 Real,C348,Real Estate,Europe,Germany,2021,64.28,49.71,56.23,56.74,10.45,62.28,64.02,52.75,54.07
Company 349 Information,C349,Information Technology,Asia-Pacific,Singapore,2021,44.05,51.2,59.22,51.49,2.32,45.96,53.09,51.43,66.34
Company 350 Health,C350,Health Care,Europe,United Kingdom,2021,60.32,64.52,64.95,63.26,1.95,66.89,55.42,77.27,62.17
