company,ticker,sector,region,country,year,E,S,G,E_emissions,E_energy,S_diversity,G_board,market_cap_usd,ESG_total
Company 1,TICK000,Real Estate,Asia-Pacific,Japan,2023,54.31,61.04,63.8,55.13,55.99,54.57,65.98,5.11,59.72
Company 2,TICK001,Health Care,North America,United States,2023,59.58,70.47,72.19,60.67,52.85,71.55,72.83,37.18,67.41
Company 3,TICK002,Real Estate,Middle East & Africa,South Africa,2023,59.8,63.86,61.33,59.23,56.89,65.58,62.31,5.97,61.66
Company 4,TICK003,Energy,Asia-Pacific,China,2023,56.97,73.47,69.48,55.51,59.94,67.52,65.19,10.89,66.64
Company 5,TICK004,Utilities,Asia-Pacific,Japan,2023,62.42,70.81,63.8,60.65,59.2,71.45,65.13,3.87,65.68
Company 6,TICK005,Utilities,North America,United States,2023,87.49,97.49,95.91,93.7,87.51,100.0,92.93,7.93,93.63
Company 7,TICK006,Energy,Europe,United Kingdom,2023,44.43,55.77,55.17,39.01,41.17,53.54,59.63,12.66,51.79
Company 8,TICK007,Utilities,Middle East & Africa,South Africa,2023,68.18,65.84,62.11,64.13,68.19,63.79,60.58,79.21,65.38
Company 9,TICK008,Consumer Staples,Latin America,Chile,2023,66.16,59.3,59.58,66.28,62.96,56.08,57.76,50.0,61.68
Company 10,TICK009,Health Care,North America,United States,2023,58.67,70.95,73.4,58.89,54.13,72.53,75.11,124.48,67.67
Company 11,TICK010,Information Technology,North America,United States,2023,70.45,58.16,57.04,71.81,66.62,55.78,59.91,53.95,61.88
Company 12,TICK011,Energy,North America,Canada,2023,66.4,71.22,70.61,66.29,64.12,70.25,69.38,2.11,69.41
Company 13,TICK012,Utilities,North America,Canada,2023,81.77,87.78,85.13,81.18,85.67,85.79,83.23,22.83,84.89
Company 14,TICK013,Energy,Middle East & Africa,UAE,2023,72.46,75.74,83.31,70.28,72.2,77.77,87.04,17.96,77.17
Company 15,TICK014,Financials,Asia-Pacific,Australia,2023,68.52,76.76,67.71,66.9,71.43,74.5,75.26,417.44,71.0
Company 16,TICK015,Energy,Latin America,Mexico,2023,46.85,46.91,58.12,46.77,47.64,47.95,57.34,12.21,50.63
Company 17,TICK016,Consumer Staples,Asia-Pacific,China,2023,74.31,71.1,71.49,71.86,78.35,68.89,66.52,138.5,72.3
Company 18,TICK017,Consumer Discretionary,Latin America,Brazil,2023,53.79,55.27,64.52,50.55,55.14,57.5,58.4,13.77,57.86
Company 19,TICK018,Health Care,Asia-Pacific,Australia,2023,52.62,60.59,43.5,49.44,48.75,60.46,41.91,11.18,52.24
Company 20,TICK019,Consumer Discretionary,Middle East & Africa,UAE,2023,76.24,77.32,68.89,74.6,73.7,78.07,67.21,2.11,74.15
Company 21,TICK020,Health Care,North America,Canada,2023,59.1,68.19,61.58,64.06,60.83,65.48,59.83,13.89,62.96
Company 22,TICK021,Utilities,Latin America,Chile,2023,79.31,80.6,91.24,78.93,83.36,80.58,89.26,5.86,83.72
Company 23,TICK022,Consumer Discretionary,North America,United States,2023,65.17,78.58,70.7,69.34,67.69,74.91,70.93,95.41,71.48
Company 24,TICK023,Utilities,Asia-Pacific,South Korea,2023,55.86,54.3,56.19,53.85,53.55,53.51,55.13,129.79,55.45
Company 25,TICK024,Communication Services,Europe,Germany,2023,48.41,53.46,53.01,44.87,49.31,46.91,52.26,11.02,51.63
Company 26,TICK025,Industrials,North America,United States,2023,74.5,74.23,76.45,74.88,71.42,72.49,74.78,69.47,75.06
Company 27,TICK026,Industrials,North America,Canada,2023,43.56,54.88,43.26,46.86,45.95,54.68,41.09,14.56,47.23
Company 28,TICK027,Information Technology,Europe,France,2023,72.98,56.83,64.94,73.57,77.23,62.54,63.2,9.75,64.92
Company 29,TICK028,Consumer Staples,Latin America,Brazil,2023,74.7,67.78,81.06,73.08,80.31,71.27,84.61,2.47,74.51
Company 30,TICK029,Financials,Latin America,Chile,2023,67.7,72.36,75.85,73.47,63.97,72.33,74.85,48.66,71.97
Company 31,TICK030,Materials,Latin America,Chile,2023,61.38,59.09,71.76,64.99,63.59,59.11,66.58,2.92,64.08
Company 32,TICK031,Consumer Staples,Europe,Netherlands,2023,73.11,70.09,81.9,72.27,75.73,69.43,83.6,54.14,75.03
Company 33,TICK032,Communication Services,Latin America,Chile,2023,61.87,60.86,58.15,62.41,62.7,63.66,56.14,17.39,60.29
Company 34,TICK033,Consumer Staples,Europe,Netherlands,2023,67.73,69.79,71.23,66.49,71.66,68.81,68.0,791.85,69.58
Company 35,TICK034,Financials,Latin America,Mexico,2023,68.72,67.3,68.2,61.91,69.12,71.52,73.31,1.49,68.07
Company 36,TICK035,Financials,Latin America,Chile,2023,84.98,86.12,84.84,87.38,86.81,91.46,84.6,10.91,85.31
Company 37,TICK036,Energy,North America,United States,2023,76.7,90.99,97.51,85.05,79.95,91.02,93.48,15.28,88.4
Company 38,TICK037,Utilities,Latin America,Mexico,2023,73.57,83.82,70.76,73.64,71.28,91.96,67.61,14.95,76.05
Company 39,TICK038,Industrials,North America,Canada,2023,77.66,75.59,79.4,75.57,77.11,73.59,76.58,13.97,77.55
Company 40,TICK039,Health Care,Europe,France,2023,53.1,54.33,49.09,50.45,53.85,56.12,50.05,27.57,52.17
Company 41,TICK040,Industrials,North America,Canada,2023,59.27,60.21,54.14,57.79,63.99,56.56,59.79,2.41,57.87
Company 42,TICK041,Utilities,Middle East & Africa,Israel,2023,63.8,56.9,65.78,61.2,62.2,59.94,61.79,28.54,62.16
Company 43,TICK042,Energy,Europe,Germany,2023,86.98,96.04,89.53,84.23,86.92,98.71,85.07,44.42,90.85
Company 44,TICK043,Energy,North America,United States,2023,77.44,69.56,59.71,78.52,75.4,67.05,57.51,74.24,68.9
Company 45,TICK044,Financials,Latin America,Brazil,2023,90.58,92.62,84.79,94.87,94.09,92.53,89.73,12.92,89.33
Company 46,TICK045,Real Estate,Europe,Germany,2023,56.64,54.7,55.77,55.16,55.03,60.3,56.43,41.93,55.7
Company 47,TICK046,Materials,Europe,Switzerland,2023,67.99,69.58,79.46,70.6,68.66,71.44,78.85,5.48,72.34
Company 48,TICK047,Materials,Asia-Pacific,South Korea,2023,62.55,70.97,75.62,57.31,59.39,69.27,81.93,3.9,69.71
Company 49,TICK048,Financials,Middle East & Africa,UAE,2023,83.88,79.22,87.39,80.96,80.94,77.22,84.16,85.63,83.5
Company 50,TICK049,Information Technology,Middle East & Africa,Israel,2023,79.83,72.5,74.81,77.92,77.61,71.79,74.96,0.93,75.71
Company 51,TICK050,Information Technology,Asia-Pacific,South Korea,2023,85.0,63.78,80.2,84.61,82.67,69.68,81.25,162.18,76.33
Company 52,TICK051,Real Estate,Europe,Switzerland,2023,64.11,60.9,55.38,63.44,66.25,60.35,54.41,78.9,60.13
Company 53,TICK052,Consumer Discretionary,Middle East & Africa,UAE,2023,58.08,66.43,65.24,56.27,61.34,65.19,64.1,8.52,63.25
Company 54,TICK053,Industrials,Asia-Pacific,Singapore,2023,78.72,77.47,74.41,72.47,75.45,74.84,74.59,71.21,76.87
Company 55,TICK054,Communication Services,North America,Canada,2023,52.9,63.35,59.87,48.97,49.47,61.74,58.95,23.46,58.71
Company 56,TICK055,Industrials,North America,Canada,2023,68.98,66.64,68.21,67.98,66.04,63.76,71.7,7.19,67.94
Company 57,TICK056,Information Technology,Asia-Pacific,Japan,2023,75.33,65.11,72.57,81.51,72.88,65.52,74.14,6.72,71.0
Company 58,TICK057,Real Estate,North America,United States,2023,76.75,78.19,83.1,80.49,77.31,80.18,85.5,46.63,79.35
Company 59,TICK058,Health Care,North America,United States,2023,75.53,83.48,67.83,78.43,75.01,87.0,69.57,3.29,75.61
Company 60,TICK059,Industrials,North America,Canada,2023,54.83,58.06,59.61,54.12,54.18,58.4,63.71,22.51,57.5
Company 61,TICK060,Industrials,Middle East & Africa,Israel,2023,84.92,85.26,85.49,87.31,83.76,84.18,80.39,97.94,85.22
Company 62,TICK061,Consumer Discretionary,North America,United States,2023,78.78,75.95,82.39,77.39,77.93,80.22,80.47,6.21,79.04
Company 63,TICK062,Real Estate,Asia-Pacific,South Korea,2023,65.61,66.76,58.11,66.33,66.72,73.27,56.83,61.33,63.49
Company 64,TICK063,Information Technology,North America,Canada,2023,62.93,55.85,49.97,66.42,61.44,54.56,49.79,4.71,56.25
Company 65,TICK064,Industrials,Latin America,Chile,2023,83.05,75.01,73.74,81.85,77.31,70.92,75.26,12.4,77.27
Company 66,TICK065,Health Care,Middle East & Africa,South Africa,2023,47.11,51.91,61.56,48.98,48.35,52.24,61.95,3.69,53.53
Company 67,TICK066,Financials,Europe,France,2023,69.99,79.59,85.48,67.99,70.35,80.93,81.85,8.16,78.35
Company 68,TICK067,Consumer Staples,Middle East & Africa,South Africa,2023,77.29,85.28,83.45,81.05,80.66,85.89,85.26,6.96,82.01
Company 69,TICK068,Health Care,Asia-Pacific,South Korea,2023,60.05,68.77,63.86,60.31,57.94,69.07,62.92,379.03,64.23
Company 70,TICK069,Industrials,Europe,Netherlands,2023,62.3,58.42,52.99,63.68,62.99,59.31,50.4,5.26,57.9
Company 71,TICK070,Industrials,Middle East & Africa,Israel,2023,66.25,70.02,76.15,68.92,62.58,73.58,78.12,7.62,70.81
Company 72,TICK071,Materials,Asia-Pacific,Australia,2023,81.42,79.2,66.15,75.87,81.12,83.43,63.53,38.54,75.59
Company 73,TICK072,Consumer Staples,North America,Canada,2023,67.24,67.46,72.14,67.93,65.7,65.66,73.48,55.88,68.95
Company 74,TICK073,Information Technology,Asia-Pacific,South Korea,2023,59.63,53.5,64.39,55.92,60.5,59.45,61.49,13.91,59.17
Company 75,TICK074,Real Estate,Middle East & Africa,UAE,2023,80.07,74.05,67.82,81.75,77.21,74.31,63.5,27.0,73.98
Company 76,TICK075,Materials,Latin America,Mexico,2023,55.36,58.84,61.19,58.04,54.94,58.47,63.86,1.56,58.46
Company 77,TICK076,Communication Services,Latin America,Brazil,2023,58.28,52.24,52.28,59.69,58.21,51.69,50.62,7.67,54.27
Company 78,TICK077,Energy,Middle East & Africa,UAE,2023,49.94,51.34,50.49,47.12,50.73,54.19,49.62,21.35,50.59
Company 79,TICK078,Information Technology,Asia-Pacific,Japan,2023,97.53,91.03,83.63,100.0,100.0,91.1,87.04,15.85,90.73
Company 80,TICK079,Communication Services,Latin America,Chile,2023,72.03,71.06,80.71,70.49,71.93,71.35,77.78,21.44,74.6
Company 81,TICK080,Real Estate,Middle East & Africa,Israel,2023,70.6,63.38,56.09,70.25,71.07,62.22,58.08,17.78,63.36
Company 82,TICK081,Industrials,North America,Canada,2023,59.06,62.58,61.98,69.08,55.31,61.03,60.94,80.9,61.21
Company 83,TICK082,Utilities,Middle East & Africa,UAE,2023,79.0,69.41,69.92,79.28,74.78,70.72,73.31,36.08,72.78
Company 84,TICK083,Real Estate,Middle East & Africa,UAE,2023,69.57,77.98,68.62,66.67,65.46,76.15,70.13,1.42,72.06
Company 85,TICK084,Information Technology,Europe,Switzerland,2023,64.7,60.98,62.51,68.74,61.14,56.22,65.0,31.99,62.73
Company 86,TICK085,Consumer Staples,Latin America,Brazil,2023,56.08,57.73,63.81,58.87,58.26,58.66,65.4,7.05,59.21
Company 87,TICK086,Energy,North America,United States,2023,61.4,75.27,64.82,62.47,63.1,74.62,67.75,141.65,67.16
Company 88,TICK087,Consumer Discretionary,Latin America,Brazil,2023,69.97,72.37,68.4,71.35,70.8,76.33,69.37,66.96,70.25
Company 89,TICK088,Utilities,Middle East & Africa,UAE,2023,82.85,81.89,85.43,78.53,79.6,84.44,84.35,8.13,83.39
Company 90,TICK089,Real Estate,Europe,France,2023,65.08,54.95,57.77,66.6,66.34,59.06,59.12,3.06,59.27
Company 91,TICK090,Industrials,North America,Canada,2023,57.61,61.21,52.9,56.5,59.26,54.55,54.51,94.35,57.24
Company 92,TICK091,Information Technology,Middle East & Africa,Israel,2023,93.44,89.87,86.11,92.69,93.24,89.01,84.92,73.19,89.81
Company 93,TICK092,Information Technology,Middle East & Africa,UAE,2023,56.72,61.8,66.98,58.74,58.49,66.21,65.47,168.57,61.83
Company 94,TICK093,Utilities,Europe,Germany,2023,58.63,67.49,54.62,53.75,54.56,67.12,49.7,11.17,60.25
Company 95,TICK094,Materials,North America,Canada,2023,63.93,62.26,61.4,64.0,64.25,61.35,60.82,0.66,62.53
Company 96,TICK095,Real Estate,Latin America,Brazil,2023,87.12,83.17,83.95,85.94,93.62,85.88,81.41,4.32,84.75
Company 97,TICK096,Financials,North America,Canada,2023,64.62,68.45,75.85,68.39,66.68,70.32,71.4,2.77,69.64
Company 98,TICK097,Health Care,Latin America,Chile,2023,66.52,78.96,75.05,70.3,60.85,78.22,78.42,289.34,73.51
Company 99,TICK098,Health Care,Middle East & Africa,South Africa,2023,71.56,71.94,62.52,71.84,73.67,67.12,63.67,44.18,68.67
Company 100,TICK099,Financials,Middle East & Africa,UAE,2023,56.06,60.22,53.73,59.88,54.16,60.08,49.63,141.0,56.67
Company 101,TICK100,Energy,Middle East & Africa,South Africa,2023,77.91,87.02,88.76,77.86,76.2,87.56,86.44,12.37,84.56
Company 102,TICK101,Communication Services,Europe,Switzerland,2023,66.67,70.76,69.37,65.46,68.58,71.86,69.31,174.71,68.93
Company 103,TICK102,Utilities,Middle East & Africa,UAE,2023,60.34,64.91,68.49,63.73,55.39,66.43,64.41,18.84,64.58
Company 104,TICK103,Consumer Discretionary,North America,United States,2023,76.53,83.85,81.29,78.78,78.58,83.01,79.18,36.55,80.56
Company 105,TICK104,Utilities,Europe,France,2023,67.39,77.08,79.87,66.55,69.48,75.26,82.12,25.47,74.78
Company 106,TICK105,Information Technology,Middle East & Africa,Israel,2023,63.26,62.5,57.43,67.06,66.97,57.13,59.91,2.04,61.06
Company 107,TICK106,Energy,Europe,Germany,2023,58.53,51.66,68.56,60.71,56.37,54.04,66.52,321.53,59.58
Company 108,TICK107,Materials,Middle East & Africa,UAE,2023,55.71,75.37,69.02,56.77,52.7,71.07,62.27,837.88,66.7
Company 109,TICK108,Health Care,Middle East & Africa,South Africa,2023,76.87,72.59,83.6,75.06,76.79,71.38,86.04,77.39,77.69
Company 110,TICK109,Materials,Asia-Pacific,Australia,2023,76.32,86.57,78.69,75.37,73.8,88.17,82.84,437.92,80.53
Company 111,TICK110,Communication Services,Middle East & Africa,UAE,2023,88.74,71.81,85.8,84.63,85.48,68.82,84.21,13.2,82.12
Company 112,TICK111,Materials,Europe,France,2023,46.82,48.83,60.99,48.98,49.75,44.52,59.96,11.45,52.21
Company 113,TICK112,Industrials,Latin America,Brazil,2023,60.0,66.75,60.15,61.5,67.02,67.89,62.78,2.62,62.3
Company 114,TICK113,Financials,North America,Canada,2023,61.77,69.4,73.26,65.05,61.74,71.34,74.82,63.92,68.14
Company 115,TICK114,Consumer Staples,Europe,United Kingdom,2023,74.61,63.22,69.06,77.79,76.28,62.54,64.91,7.99,68.96
Company 116,TICK115,Energy,Middle East & Africa,South Africa,2023,66.96,56.45,65.56,66.15,71.79,54.58,64.0,308.13,62.99
Company 117,TICK116,Energy,Asia-Pacific,Japan,2023,36.28,43.56,44.79,33.18,32.12,43.8,36.27,63.32,41.54
Company 118,TICK117,Health Care,Europe,United Kingdom,2023,87.94,98.0,98.69,93.47,83.25,95.12,97.62,156.5,94.88
Company 119,TICK118,Real Estate,North America,United States,2023,73.66,64.61,73.9,72.66,70.57,71.06,75.5,34.54,70.72
Company 120,TICK119,Utilities,Latin America,Brazil,2023,71.21,71.97,66.36,75.75,74.28,70.38,59.96,62.98,69.85
Company 121,TICK120,Information Technology,Europe,Germany,2023,64.05,68.92,61.33,61.49,65.42,64.17,68.16,99.33,64.77
Company 122,TICK121,Consumer Staples,Middle East & Africa,Israel,2023,74.86,73.4,76.91,75.41,74.23,71.58,74.27,980.65,75.06
Company 123,TICK122,Communication Services,Europe,United Kingdom,2023,66.95,71.84,67.64,64.66,60.09,73.22,72.31,27.0,68.81
Company 124,TICK123,Consumer Staples,Latin America,Chile,2023,69.65,59.96,55.9,67.59,72.18,53.54,53.58,158.96,61.84
Company 125,TICK124,Financials,Middle East & Africa,South Africa,2023,85.98,73.66,88.82,83.86,85.61,74.36,88.12,0.87,82.82
Company 126,TICK125,Information Technology,North America,United States,2023,79.35,72.44,70.66,79.38,75.05,76.58,72.17,14.82,74.15
Company 127,TICK126,Communication Services,Asia-Pacific,China,2023,60.35,70.28,78.64,58.63,60.59,70.37,79.07,19.23,69.76
Company 128,TICK127,Consumer Discretionary,Middle East & Africa,South Africa,2023,77.8,65.16,72.92,78.72,74.84,66.32,73.02,5.33,71.96
Company 129,TICK128,Consumer Staples,Europe,Switzerland,2023,64.25,67.4,67.05,64.83,65.78,70.17,61.82,64.52,66.23
Company 130,TICK129,Consumer Staples,Latin America,Chile,2023,59.38,57.83,54.74,58.2,60.93,63.27,51.06,1.07,57.32
Company 131,TICK130,Consumer Staples,North America,Canada,2023,73.1,83.75,79.44,74.24,69.44,85.03,72.81,86.58,78.76
Company 132,TICK131,Materials,Europe,United Kingdom,2023,58.16,54.75,54.49,57.43,52.74,54.67,55.1,3.92,55.8
Company 133,TICK132,Industrials,Asia-Pacific,China,2023,74.3,66.13,72.56,78.23,74.79,63.96,72.95,26.0,71.0
Company 134,TICK133,Utilities,North America,Canada,2023,68.64,68.7,61.18,65.38,63.83,71.78,61.6,687.58,66.17
Company 135,TICK134,Materials,Latin America,Brazil,2023,75.07,81.74,78.94,77.18,78.27,81.05,77.86,4.13,78.58
Company 136,TICK135,Financials,Europe,Germany,2023,62.49,59.77,65.92,63.9,61.68,57.0,67.69,1.52,62.73
Company 137,TICK136,Consumer Discretionary,Asia-Pacific,Japan,2023,54.58,47.65,55.79,51.63,57.2,44.02,58.11,236.22,52.67
Company 138,TICK137,Real Estate,Middle East & Africa,UAE,2023,85.72,96.98,95.04,86.73,84.81,97.91,93.76,25.57,92.58
Company 139,TICK138,Energy,North America,United States,2023,59.74,64.6,61.97,61.26,56.95,59.76,62.98,9.6,62.1
Company 140,TICK139,Financials,Asia-Pacific,Singapore,2023,64.84,77.32,67.13,64.01,64.95,74.74,67.99,309.17,69.76
Company 141,TICK140,Energy,Latin America,Chile,2023,65.89,64.92,64.6,70.39,69.79,61.74,60.8,13.3,65.14
Company 142,TICK141,Utilities,North America,United States,2023,77.03,62.29,68.62,79.33,71.22,62.67,73.65,96.43,69.31
Company 143,TICK142,Financials,North America,Canada,2023,70.32,73.37,65.13,69.77,73.8,72.19,62.09,18.44,69.61
Company 144,TICK143,Information Technology,Asia-Pacific,Australia,2023,76.13,74.72,64.82,80.93,82.6,76.68,59.23,101.31,71.89
Company 145,TICK144,Energy,Europe,Germany,2023,70.26,70.21,77.07,70.83,64.49,68.53,73.54,22.94,72.51
Company 146,TICK145,Energy,Middle East & Africa,UAE,2023,55.17,57.99,62.18,55.73,55.27,56.82,59.83,76.93,58.45
Company 147,TICK146,Health Care,Middle East & Africa,Israel,2023,73.09,72.26,76.16,73.48,74.43,73.07,76.46,20.86,73.84
Company 148,TICK147,Utilities,Europe,France,2023,63.74,62.95,74.48,62.7,67.52,63.41,73.05,5.88,67.06
Company 149,TICK148,Industrials,Asia-Pacific,Singapore,2023,89.05,80.46,85.54,83.98,89.77,79.02,84.1,2.02,85.02
Company 150,TICK149,Utilities,North America,Canada,2023,77.61,74.97,74.88,75.24,80.47,68.99,75.05,10.2,75.82
Company 151,TICK150,Consumer Staples,Latin America,Chile,2023,66.1,63.68,52.46,68.91,62.46,59.84,49.08,5.45,60.75
Company 152,TICK151,Consumer Discretionary,Middle East & Africa,South Africa,2023,88.7,93.96,86.03,93.14,89.42,94.22,89.36,6.86,89.56
Company 153,TICK152,Energy,Asia-Pacific,Japan,2023,70.16,75.33,76.17,68.22,75.42,79.17,79.94,1.85,73.89
Company 154,TICK153,Industrials,North America,United States,2023,64.66,62.41,64.65,68.76,62.25,63.36,59.35,2.49,63.91
Company 155,TICK154,Information Technology,Asia-Pacific,China,2023,81.41,70.42,72.99,74.86,87.19,63.79,69.98,22.41,74.94
Company 156,TICK155,Industrials,North America,United States,2023,46.89,36.13,34.3,45.23,44.98,36.61,36.19,6.52,39.11
Company 157,TICK156,Industrials,Europe,United Kingdom,2023,56.12,61.94,60.99,61.49,51.73,65.86,61.24,34.9,59.68
Company 158,TICK157,Consumer Staples,North America,United States,2023,77.8,70.07,82.39,72.36,76.97,66.15,81.59,3.77,76.75
Company 159,TICK158,Consumer Discretionary,Latin America,Mexico,2023,65.64,63.3,72.97,64.53,55.81,57.86,70.94,4.52,67.3
Company 160,TICK159,Energy,North America,United States,2023,66.55,88.5,81.71,66.05,65.68,93.37,81.68,46.6,78.92
Company 161,TICK160,Health Care,Middle East & Africa,UAE,2023,50.44,56.77,47.88,47.45,50.79,59.44,47.56,21.89,51.7
Company 162,TICK161,Information Technology,Latin America,Mexico,2023,76.33,72.38,63.59,73.76,75.29,75.92,60.09,8.56,70.77
Company 163,TICK162,Consumer Discretionary,Latin America,Brazil,2023,73.1,79.28,82.74,73.35,72.4,79.85,82.85,10.27,78.37
Company 164,TICK163,Health Care,Asia-Pacific,China,2023,62.92,65.24,59.65,62.03,60.28,67.42,61.63,117.19,62.6
Company 165,TICK164,Industrials,Latin America,Mexico,2023,69.28,68.88,62.12,66.79,72.92,69.11,63.07,23.91,66.76
Company 166,TICK165,Real Estate,North America,Canada,2023,76.18,84.73,80.15,79.47,77.62,84.14,80.54,58.19,80.35
Company 167,TICK166,Communication Services,North America,United States,2023,53.62,58.85,63.61,53.18,48.71,57.57,59.85,10.33,58.69
Company 168,TICK167,Materials,Asia-Pacific,Singapore,2023,70.22,71.58,81.45,70.69,73.44,71.98,82.63,15.84,74.42
Company 169,TICK168,Utilities,Europe,France,2023,72.93,59.94,66.97,72.8,73.8,61.88,73.45,68.96,66.61
Company 170,TICK169,Consumer Discretionary,Asia-Pacific,Australia,2023,80.05,86.53,77.23,83.67,79.92,92.33,80.52,29.23,81.27
Company 171,TICK170,Industrials,Latin America,Brazil,2023,80.47,74.15,66.68,84.91,79.69,74.87,65.5,137.37,73.77
Company 172,TICK171,Real Estate,Asia-Pacific,Japan,2023,82.86,81.48,79.23,83.81,85.79,85.38,77.68,25.78,81.19
Company 173,TICK172,Real Estate,North America,United States,2023,71.66,61.25,64.09,72.85,69.38,61.16,57.96,52.53,65.67
Company 174,TICK173,Health Care,Middle East & Africa,South Africa,2023,68.1,78.59,73.46,69.43,64.2,83.85,78.96,12.27,73.38
Company 175,TICK174,Consumer Staples,Latin America,Mexico,2023,82.15,61.95,64.2,85.62,76.62,61.24,65.59,236.39,69.43
Company 176,TICK175,Utilities,Europe,France,2023,83.91,84.47,80.94,82.17,77.94,83.2,82.98,30.25,83.11
Company 177,TICK176,Communication Services,Latin America,Chile,2023,86.76,84.96,85.71,79.71,86.51,84.61,88.36,11.33,85.81
Company 178,TICK177,Information Technology,Asia-Pacific,Australia,2023,63.08,62.1,59.92,60.34,60.22,65.58,55.8,84.49,61.7
Company 179,TICK178,Consumer Discretionary,Latin America,Chile,2023,61.73,55.73,60.36,59.65,55.36,59.39,62.97,69.85,59.27
Company 180,TICK179,Real Estate,Europe,Switzerland,2023,82.87,77.77,66.78,82.06,87.25,79.67,67.42,130.82,75.81
Company 181,TICK180,Real Estate,Latin America,Mexico,2023,55.14,66.22,44.84,52.7,56.78,67.85,46.78,33.88,55.4
Company 182,TICK181,Energy,Latin America,Mexico,2023,75.57,86.76,77.54,72.0,76.74,84.11,75.45,18.39,79.96
Company 183,TICK182,Financials,North America,Canada,2023,72.43,75.54,77.76,65.81,68.28,75.71,79.15,4.69,75.24
Company 184,TICK183,Health Care,Europe,Netherlands,2023,81.4,89.41,89.34,84.46,81.4,88.15,88.43,125.41,86.72
Company 185,TICK184,Health Care,Asia-Pacific,China,2023,68.33,69.17,67.83,69.42,68.48,67.12,69.43,11.65,68.44
Company 186,TICK185,Utilities,Asia-Pacific,Japan,2023,77.04,89.53,77.72,68.37,80.78,90.48,74.17,24.09,81.43
Company 187,TICK186,Consumer Staples,Middle East & Africa,South Africa,2023,66.97,66.9,67.42,66.3,68.31,67.54,66.09,83.14,67.1
Company 188,TICK187,Energy,Asia-Pacific,China,2023,72.43,86.81,83.23,71.27,68.31,88.24,85.63,35.44,80.82
Company 189,TICK188,Financials,Europe,United Kingdom,2023,75.68,84.76,88.61,75.04,74.76,78.17,88.09,44.11,83.02
Company 190,TICK189,Health Care,North America,United States,2023,67.09,84.22,68.34,68.66,66.27,83.97,71.05,23.9,73.22
Company 191,TICK190,Communication Services,Europe,Switzerland,2023,51.17,54.01,49.35,48.28,46.74,59.54,50.9,12.71,51.51
Company 192,TICK191,Health Care,Latin America,Mexico,2023,79.26,83.41,85.59,78.9,84.83,85.72,81.23,18.7,82.75
Company 193,TICK192,Utilities,Europe,Switzerland,2023,84.69,76.2,84.93,79.79,87.09,73.6,81.32,242.22,81.94
Company 194,TICK193,Real Estate,Asia-Pacific,Singapore,2023,60.1,60.46,56.74,63.74,64.26,60.99,63.16,44.37,59.1
Company 195,TICK194,Consumer Staples,Middle East & Africa,Israel,2023,61.23,61.73,54.6,64.06,58.94,60.0,52.02,41.3,59.19
Company 196,TICK195,Industrials,Latin America,Chile,2023,65.9,75.7,66.96,64.48,70.99,75.09,72.55,44.11,69.52
Company 197,TICK196,Consumer Staples,Middle East & Africa,UAE,2023,69.56,62.75,63.7,68.48,71.16,58.75,62.84,17.83,65.34
Company 198,TICK197,Health Care,North America,United States,2023,76.07,81.29,71.33,75.11,74.57,84.21,75.58,31.3,76.23
Company 199,TICK198,Financials,Asia-Pacific,Japan,2023,59.2,61.37,67.41,65.01,55.97,64.93,69.68,2.54,62.66
Company 200,TICK199,Information Technology,Latin America,Mexico,2023,89.5,88.67,93.56,85.26,91.31,88.77,91.86,16.44,90.58
Company 201,TICK200,Utilities,Middle East & Africa,Israel,2023,63.3,64.91,59.76,66.15,60.23,60.34,54.57,46.55,62.66
Company 202,TICK201,Industrials,Asia-Pacific,China,2023,51.91,54.11,58.44,50.83,55.13,55.52,60.92,11.1,54.82
Company 203,TICK202,Health Care,Asia-Pacific,Japan,2023,85.82,95.39,91.94,86.67,84.09,94.55,99.23,48.05,91.05
Company 204,TICK203,Consumer Staples,Europe,Switzerland,2023,81.88,70.39,70.83,81.31,84.91,72.25,67.8,3.62,74.37
Company 205,TICK204,Industrials,Asia-Pacific,Australia,2023,63.67,71.62,74.6,68.2,63.91,73.62,70.85,1.83,69.96
Company 206,TICK205,Materials,Europe,Netherlands,2023,84.96,91.34,83.74,82.02,86.96,92.41,83.95,36.77,86.68
Company 207,TICK206,Energy,North America,United States,2023,71.63,76.04,88.91,70.29,72.45,77.0,92.83,20.72,78.86
Company 208,TICK207,Industrials,North America,Canada,2023,71.23,66.64,64.15,74.05,72.03,66.38,63.74,52.82,67.34
Company 209,TICK208,Energy,Asia-Pacific,Japan,2023,49.67,49.99,46.9,50.72,48.23,50.13,42.19,19.17,48.85
Company 210,TICK209,Energy,Middle East & Africa,Israel,2023,76.13,86.0,84.95,75.87,79.24,80.83,86.29,48.81,82.36
Company 211,TICK210,Industrials,Latin America,Brazil,2023,79.52,64.2,76.05,81.21,84.8,64.64,74.38,6.04,73.26
Company 212,TICK211,Real Estate,Asia-Pacific,Australia,2023,58.29,57.08,49.27,55.51,52.34,58.95,46.08,2.38,54.88
Company 213,TICK212,Energy,North America,Canada,2023,75.09,81.9,80.65,73.33,74.73,80.41,83.53,2.54,79.21
Company 214,TICK213,Financials,Asia-Pacific,Japan,2023,66.28,75.28,74.59,63.91,70.34,76.89,75.53,8.36,72.05
Company 215,TICK214,Communication Services,Europe,United Kingdom,2023,54.89,54.3,60.28,52.9,57.47,60.16,56.94,12.15,56.49
Company 216,TICK215,Communication Services,Asia-Pacific,Australia,2023,63.03,74.67,63.75,63.67,61.5,79.44,57.84,10.9,67.15
Company 217,TICK216,Utilities,Middle East & Africa,UAE,2023,88.14,77.54,74.46,88.3,82.79,79.44,80.21,17.33,80.05
Company 218,TICK217,Communication Services,Asia-Pacific,China,2023,69.77,79.74,68.75,73.01,65.47,75.37,68.68,14.89,72.75
Company 219,TICK218,Industrials,Asia-Pacific,Singapore,2023,76.36,79.55,69.05,78.37,71.94,81.22,67.2,135.83,74.99
Company 220,TICK219,Communication Services,Europe,Netherlands,2023,68.3,70.3,66.26,68.99,72.03,68.61,65.06,32.25,68.29
Company 221,TICK220,Consumer Staples,Latin America,Chile,2023,84.13,77.45,71.13,81.92,84.14,77.44,73.62,4.33,77.57
Company 222,TICK221,Industrials,Middle East & Africa,South Africa,2023,73.47,71.98,77.14,67.73,74.02,68.44,78.71,139.93,74.2
Company 223,TICK222,Health Care,Middle East & Africa,South Africa,2023,74.8,80.15,77.07,76.19,74.52,78.99,74.5,0.97,77.34
Company 224,TICK223,Materials,Asia-Pacific,China,2023,86.25,86.33,83.76,84.82,85.26,91.57,87.31,40.96,85.45
Company 225,TICK224,Energy,Middle East & Africa,Israel,2023,67.9,73.2,76.21,71.51,69.62,80.4,76.58,8.45,72.44
Company 226,TICK225,Materials,Europe,Switzerland,2023,83.9,74.99,83.77,83.48,86.86,73.9,80.23,54.73,80.89
Company 227,TICK226,Health Care,Asia-Pacific,South Korea,2023,68.59,76.93,71.61,67.29,68.88,76.5,70.86,10.98,72.38
Company 228,TICK227,Industrials,Europe,United Kingdom,2023,60.2,64.8,67.88,58.0,63.22,59.37,66.59,42.04,64.29
Company 229,TICK228,Real Estate,Latin America,Brazil,2023,59.37,61.55,70.89,55.56,58.86,58.84,70.88,16.24,63.94
Company 230,TICK229,Consumer Discretionary,Latin America,Mexico,2023,77.66,68.9,66.86,75.91,76.69,71.22,64.23,8.41,71.14
Company 231,TICK230,Information Technology,Latin America,Chile,2023,61.12,62.23,67.26,59.09,58.59,62.64,67.35,41.01,63.54
Company 232,TICK231,Industrials,North America,Canada,2023,74.9,81.53,66.44,72.88,79.48,83.8,63.51,13.61,74.29
Company 233,TICK232,Materials,Europe,Netherlands,2023,52.17,70.66,71.53,48.51,50.88,71.72,73.62,1.1,64.79
Company 234,TICK233,Industrials,Latin America,Mexico,2023,77.92,83.73,69.43,78.76,78.93,86.57,68.48,569.67,77.03
Company 235,TICK234,Financials,Europe,Netherlands,2023,68.7,70.18,69.57,68.18,67.01,68.17,68.04,3.82,69.48
Company 236,TICK235,Materials,Europe,Netherlands,2023,65.46,63.63,73.79,59.02,66.16,66.93,75.7,2.73,67.63
Company 237,TICK236,Consumer Staples,North America,United States,2023,87.42,79.63,79.33,88.26,83.91,83.41,79.16,32.57,82.13
Company 238,TICK237,Industrials,Asia-Pacific,South Korea,2023,48.58,58.26,61.84,47.95,48.54,61.76,60.56,2.48,56.23
Company 239,TICK238,Information Technology,North America,United States,2023,80.82,85.92,70.15,76.83,75.99,82.1,66.16,14.65,78.96
Company 240,TICK239,Energy,Middle East & Africa,Israel,2023,65.33,68.02,66.4,66.92,64.68,63.78,64.57,55.21,66.58
Company 241,TICK240,Consumer Discretionary,North America,Canada,2023,77.17,68.43,75.69,78.04,76.11,68.55,75.35,17.19,73.76
Company 242,TICK241,Consumer Discretionary,Europe,Netherlands,2023,65.72,68.33,45.32,67.88,66.18,66.92,45.73,14.02,59.79
Company 243,TICK242,Materials,North America,United States,2023,72.24,65.4,75.81,72.74,71.03,66.97,72.7,26.21,71.15
Company 244,TICK243,Materials,North America,United States,2023,48.73,51.44,54.2,51.74,51.07,44.53,49.78,8.41,51.46
Company 245,TICK244,Information Technology,Latin America,Chile,2023,57.35,44.43,42.53,52.64,55.71,44.56,36.45,44.65,48.1
Company 246,TICK245,Financials,Middle East & Africa,UAE,2023,51.14,62.69,68.28,47.81,52.37,65.59,67.64,18.99,60.7
Company 247,TICK246,Financials,North America,Canada,2023,56.78,60.41,64.75,56.65,55.68,56.24,61.4,116.8,60.65
Company 248,TICK247,Health Care,Latin America,Brazil,2023,64.55,84.98,78.3,66.5,63.01,85.14,76.44,31.98,75.94
Company 249,TICK248,Information Technology,North America,Canada,2023,77.3,69.72,71.17,76.31,74.12,66.97,69.49,113.78,72.73
Company 250,TICK249,Utilities,Middle East & Africa,South Africa,2023,59.79,57.78,56.63,58.36,60.91,51.12,57.34,3.38,58.07
Company 251,TICK250,Health Care,Europe,United Kingdom,2023,65.92,67.21,68.69,55.69,64.54,68.77,65.69,138.99,67.27
Company 252,TICK251,Consumer Discretionary,Europe,Germany,2023,74.28,77.71,67.05,76.63,73.66,76.29,65.22,37.71,73.01
Company 253,TICK252,Industrials,Europe,Germany,2023,78.63,80.06,85.98,77.84,78.32,81.91,90.08,15.31,81.56
Company 254,TICK253,Energy,North America,United States,2023,80.12,97.74,93.3,79.57,76.24,100.0,96.94,3.74,90.39
Company 255,TICK254,Consumer Staples,North America,Canada,2023,75.27,82.53,75.75,72.96,80.98,86.94,76.24,67.75,77.85
Company 256,TICK255,Consumer Discretionary,Middle East & Africa,South Africa,2023,67.68,57.16,66.54,68.78,64.79,58.45,69.5,39.93,63.79
Company 257,TICK256,Consumer Staples,Asia-Pacific,Australia,2023,87.88,71.39,88.18,93.41,84.95,67.21,91.7,79.14,82.48
Company 258,TICK257,Communication Services,Latin America,Chile,2023,66.27,69.36,72.92,65.83,67.92,70.64,75.97,10.69,69.52
Company 259,TICK258,Health Care,Latin America,Mexico,2023,54.93,67.99,53.68,51.4,55.2,73.42,52.79,101.4,58.87
Company 260,TICK259,Health Care,Latin America,Chile,2023,57.19,58.69,50.28,56.76,58.23,59.7,50.83,128.55,55.39
Company 261,TICK260,Health Care,Middle East & Africa,Israel,2023,57.48,54.24,48.36,61.58,55.92,55.96,45.01,3.79,53.36
Company 262,TICK261,Industrials,Latin America,Chile,2023,51.48,59.55,61.53,47.21,53.59,62.79,58.47,2.19,57.52
Company 263,TICK262,Real Estate,Latin America,Mexico,2023,63.63,66.71,64.79,63.13,58.86,63.33,64.29,177.43,65.04
Company 264,TICK263,Health Care,North America,United States,2023,74.14,67.43,66.44,71.87,72.84,65.01,63.13,17.36,69.34
Company 265,TICK264,Consumer Staples,Middle East & Africa,UAE,2023,73.75,75.27,72.56,74.75,82.49,73.83,70.52,14.02,73.86
Company 266,TICK265,Consumer Staples,Europe,Switzerland,2023,55.51,64.67,62.75,57.6,59.12,65.86,61.97,8.36,60.98
Company 267,TICK266,Consumer Staples,Middle East & Africa,Israel,2023,69.3,79.19,77.79,73.08,67.66,78.8,74.23,11.43,75.43
Company 268,TICK267,Energy,Middle East & Africa,Israel,2023,80.73,87.1,89.55,82.73,77.47,90.97,93.82,1.25,85.79
Company 269,TICK268,Information Technology,Latin America,Mexico,2023,79.59,76.03,62.48,83.86,80.62,76.01,66.03,39.39,72.7
Company 270,TICK269,Communication Services,Latin America,Mexico,2023,70.91,69.59,62.1,66.81,75.55,71.21,62.6,16.62,67.53
Company 271,TICK270,Health Care,North America,Canada,2023,42.6,44.12,44.49,41.42,34.89,43.09,41.34,15.41,43.74
Company 272,TICK271,Real Estate,Europe,Germany,2023,69.77,71.34,77.84,65.0,74.55,73.93,79.18,10.14,72.98
Company 273,TICK272,Industrials,Latin America,Chile,2023,81.02,74.83,81.86,73.65,81.87,74.51,84.67,215.76,79.24
Company 274,TICK273,Utilities,North America,Canada,2023,80.98,71.09,73.11,85.99,82.15,69.3,71.69,9.05,75.06
Company 275,TICK274,Utilities,Middle East & Africa,South Africa,2023,82.67,90.09,81.03,82.32,80.16,92.19,83.67,15.99,84.6
Company 276,TICK275,Consumer Discretionary,North America,Canada,2023,81.72,79.69,82.24,88.38,85.61,75.9,75.19,8.03,81.22
Company 277,TICK276,Industrials,Middle East & Africa,Israel,2023,69.6,65.26,60.83,69.33,73.32,68.77,60.2,50.22,65.23
Company 278,TICK277,Energy,Middle East & Africa,UAE,2023,72.04,81.32,86.07,72.87,73.35,80.63,85.08,26.06,79.81
Company 279,TICK278,Consumer Staples,North America,United States,2023,70.05,66.77,63.77,65.04,68.79,67.27,63.5,4.14,66.86
Company 280,TICK279,Real Estate,Latin America,Brazil,2023,75.67,76.67,72.84,71.64,73.59,74.04,69.19,16.22,75.06
Company 281,TICK280,Utilities,Latin America,Mexico,2023,79.21,71.85,76.61,85.23,80.84,77.85,74.82,311.4,75.89
Company 282,TICK281,Communication Services,North America,Canada,2023,71.74,64.44,67.49,75.26,75.12,69.69,71.17,1.29,67.89
Company 283,TICK282,Health Care,Middle East & Africa,UAE,2023,90.33,93.25,84.38,96.29,95.0,94.29,86.78,25.55,89.32
Company 284,TICK283,Consumer Discretionary,Latin America,Chile,2023,71.54,75.4,71.69,71.47,71.48,77.53,68.45,81.79,72.88
Company 285,TICK284,Utilities,Asia-Pacific,Singapore,2023,60.21,64.94,65.09,61.2,58.89,65.02,60.31,82.31,63.41
Company 286,TICK285,Communication Services,North America,Canada,2023,67.23,60.15,57.05,69.32,68.03,61.43,53.57,48.23,61.48
Company 287,TICK286,Health Care,Latin America,Mexico,2023,55.39,64.53,55.32,59.89,58.44,60.56,53.06,20.12,58.41
Company 288,TICK287,Communication Services,North America,United States,2023,79.26,73.65,78.15,72.78,79.53,70.1,81.34,80.59,77.02
Company 289,TICK288,Consumer Staples,North America,United States,2023,77.8,70.49,69.83,75.02,75.49,70.43,72.48,4.66,72.71
Company 290,TICK289,Consumer Discretionary,North America,Canada,2023,83.68,81.63,75.3,86.93,82.27,83.44,79.18,34.63,80.2
Company 291,TICK290,Real Estate,Middle East & Africa,South Africa,2023,68.83,72.62,68.65,68.42,72.77,73.73,71.94,5.08,70.03
Company 292,TICK291,Real Estate,Asia-Pacific,South Korea,2023,46.06,42.39,50.03,45.64,45.22,42.25,52.03,23.46,46.16
Company 293,TICK292,Energy,Latin America,Mexico,2023,71.1,73.78,60.87,66.81,75.37,78.17,59.02,23.55,68.58
Company 294,TICK293,Materials,Middle East & Africa,UAE,2023,76.81,75.78,75.55,74.2,74.24,69.85,82.33,122.99,76.05
Company 295,TICK294,Real Estate,Europe,Netherlands,2023,81.88,70.18,82.07,84.73,87.67,66.69,80.64,4.92,78.04
Company 296,TICK295,Financials,Latin America,Mexico,2023,70.33,78.41,84.74,72.36,66.54,80.4,82.68,32.42,77.83
Company 297,TICK296,Consumer Discretionary,North America,United States,2023,48.59,63.49,56.61,49.74,42.13,62.02,56.94,83.77,56.23
Company 298,TICK297,Health Care,Latin America,Chile,2023,84.96,80.13,79.7,83.85,86.71,84.51,78.27,13.19,81.6
Company 299,TICK298,Consumer Discretionary,Europe,Netherlands,2023,50.26,49.39,63.32,41.24,54.96,58.55,62.44,79.51,54.32
Company 300,TICK299,Utilities,Asia-Pacific,Australia,2023,67.49,60.37,62.84,66.58,69.0,59.57,62.42,4.7,63.57
Company 301,TICK300,Consumer Discretionary,Middle East & Africa,South Africa,2023,82.27,64.93,76.12,80.48,79.43,63.62,80.34,4.48,74.44
Company 302,TICK301,Financials,Latin America,Chile,2023,57.57,73.72,69.29,60.84,57.12,66.85,64.24,14.35,66.86
Company 303,TICK302,Energy,Europe,Switzerland,2023,84.67,80.03,94.34,85.88,85.98,83.23,95.86,1.78,86.35
Company 304,TICK303,Consumer Staples,Middle East & Africa,South Africa,2023,73.38,67.06,69.91,72.92,76.54,62.15,70.13,27.68,70.12
Company 305,TICK304,Real Estate,Europe,Switzerland,2023,79.02,76.21,79.27,86.33,76.38,82.06,75.93,18.91,78.17
Company 306,TICK305,Information Technology,Asia-Pacific,Australia,2023,53.44,47.39,46.8,51.72,53.13,47.74,44.88,297.37,49.21
Company 307,TICK306,Consumer Discretionary,Latin America,Brazil,2023,68.44,62.41,71.05,69.93,66.73,62.54,68.46,59.59,67.3
Company 308,TICK307,Utilities,Europe,Netherlands,2023,51.39,63.88,47.43,49.42,49.66,65.22,46.29,32.51,54.23
Company 309,TICK308,Consumer Staples,Latin America,Mexico,2023,69.93,72.88,71.74,67.46,64.09,75.93,75.45,16.49,71.52
Company 310,TICK309,Real Estate,Middle East & Africa,UAE,2023,70.94,73.23,78.86,75.65,73.34,71.51,79.47,17.08,74.34
Company 311,TICK310,Information Technology,Latin America,Brazil,2023,82.29,72.19,69.01,83.24,81.82,72.1,66.41,4.97,74.5
Company 312,TICK311,Communication Services,Europe,Germany,2023,83.25,78.6,77.77,86.94,83.11,81.88,77.58,28.37,79.87
Company 313,TICK312,Information Technology,North America,Canada,2023,67.5,61.19,70.67,67.89,65.8,63.82,69.78,8.1,66.45
Company 314,TICK313,Information Technology,North America,Canada,2023,54.4,53.22,38.1,52.81,50.86,53.08,39.01,22.21,48.57
Company 315,TICK314,Energy,Middle East & Africa,UAE,2023,85.49,86.17,84.26,87.6,86.6,93.01,82.18,57.22,85.31
Company 316,TICK315,Financials,North America,Canada,2023,55.49,63.87,64.53,54.14,55.72,64.1,62.71,54.09,61.3
Company 317,TICK316,Financials,Europe,Netherlands,2023,69.83,65.54,72.75,67.61,67.24,63.49,70.43,7.78,69.37
Company 318,TICK317,Information Technology,Middle East & Africa,UAE,2023,82.16,60.44,70.12,79.97,85.12,60.76,70.1,7.09,70.91
Company 319,TICK318,Financials,Europe,Netherlands,2023,69.98,72.89,69.85,68.97,71.97,71.41,67.36,13.65,70.91
Company 320,TICK319,Utilities,North America,United States,2023,80.47,86.83,89.51,76.19,82.05,88.04,88.01,8.53,85.6
Company 321,TICK320,Energy,Latin America,Mexico,2023,59.99,66.02,61.87,60.11,60.91,71.84,59.29,15.09,62.63
Company 322,TICK321,Real Estate,Latin America,Brazil,2023,76.45,78.43,74.64,71.71,78.41,80.21,78.17,67.74,76.51
Company 323,TICK322,Information Technology,Middle East & Africa,South Africa,2023,81.49,76.3,69.97,80.97,82.7,69.87,69.25,2.16,75.92
Company 324,TICK323,Consumer Staples,Europe,Netherlands,2023,66.75,68.21,77.51,66.23,63.85,65.28,85.53,4.72,70.82
Company 325,TICK324,Utilities,North America,United States,2023,75.11,69.69,64.71,75.3,75.36,64.04,59.8,198.82,69.84
Company 326,TICK325,Industrials,Middle East & Africa,South Africa,2023,73.55,79.97,83.35,74.11,76.33,78.75,89.42,119.72,78.96
Company 327,TICK326,Materials,Latin America,Chile,2023,75.56,76.87,76.66,74.81,78.23,74.76,77.7,1.49,76.36
Company 328,TICK327,Materials,Europe,Switzerland,2023,67.58,61.32,66.18,77.21,71.07,65.3,69.45,13.95,65.03
Company 329,TICK328,Consumer Discretionary,North America,Canada,2023,57.65,62.22,67.62,55.69,57.75,63.97,64.13,32.0,62.5
Company 330,TICK329,Energy,Asia-Pacific,Japan,2023,72.69,73.09,70.3,74.67,71.39,75.94,71.54,122.26,72.03
Company 331,TICK330,Utilities,Europe,Netherlands,2023,65.77,68.0,68.99,67.24,63.93,72.52,68.34,402.46,67.59
Company 332,TICK331,Materials,Latin America,Chile,2023,69.32,60.95,68.21,63.83,67.84,61.85,70.74,12.82,66.16
Company 333,TICK332,Materials,Asia-Pacific,Australia,2023,60.61,45.71,64.17,61.18,61.85,45.19,60.3,17.7,56.83
Company 334,TICK333,Consumer Discretionary,North America,United States,2023,73.96,64.56,65.6,70.76,70.29,63.58,60.92,1.95,68.04
Company 335,TICK334,Financials,Middle East & Africa,Israel,2023,80.04,73.7,83.1,78.67,81.92,73.42,83.52,240.79,78.95
Company 336,TICK335,Real Estate,Middle East & Africa,South Africa,2023,55.97,46.51,61.87,53.89,56.54,49.97,66.48,8.71,54.78
Company 337,TICK336,Energy,Europe,Germany,2023,73.57,79.05,75.06,76.27,80.64,81.44,72.25,17.18,75.89
Company 338,TICK337,Health Care,Latin America,Mexico,2023,73.47,90.82,76.39,70.06,74.14,91.21,78.01,272.22,80.23
Company 339,TICK338,Health Care,Middle East & Africa,UAE,2023,75.31,78.18,77.61,72.06,74.5,79.41,72.83,25.73,77.03
Company 340,TICK339,Consumer Staples,Asia-Pacific,South Korea,2023,72.13,66.92,69.31,72.7,77.72,65.92,68.14,18.56,69.45
Company 341,TICK340,Real Estate,Middle East & Africa,Israel,2023,76.68,67.21,72.19,77.08,83.12,67.32,70.56,6.01,72.03
Company 342,TICK341,Industrials,Asia-Pacific,Australia,2023,49.01,53.85,56.85,54.15,46.72,48.89,52.88,9.3,53.24
Company 343,TICK342,Real Estate,Middle East & Africa,Israel,2023,65.47,61.11,71.09,71.16,66.78,62.59,68.48,1.8,65.89
Company 344,TICK343,Energy,Middle East & Africa,UAE,2023,91.11,96.84,83.37,90.92,84.62,95.59,81.49,47.47,90.44
Company 345,TICK344,Financials,North America,United States,2023,76.66,75.04,88.03,77.35,70.71,74.45,91.96,71.48,79.91
Company 346,TICK345,Industrials,Asia-Pacific,South Korea,2023,82.25,84.94,87.58,79.1,78.96,84.5,86.24,10.24,84.92
Company 347,TICK346,Financials,North America,United States,2023,66.79,82.73,79.63,69.43,70.56,82.68,82.42,12.31,76.38
Company 348,TICK347,Energy,Europe,United Kingdom,2023,65.05,62.92,62.77,69.03,69.79,64.28,63.54,5.02,63.58
Company 349,TICK348,Utilities,Asia-Pacific,China,2023,63.55,57.07,63.73,63.88,65.74,58.02,62.5,5.35,61.45
Company 350,TICK349,Energy,Europe,United Kingdom,2023,59.0,63.85,65.61,58.96,51.68,65.29,65.07,0.86,62.82
